QualidadeAr(PPM),Temperatura,Umidade,Dia,Hora,Localizacao
46,30.00,32.00,2023/09/05,20:53:05,Jardins Mangueiral
46,30.00,33.00,2023/09/05,20:58:05,Jardins Mangueiral
46,30.00,32.00,2023/09/05,21:03:05,Jardins Mangueiral
46,30.00,32.00,2023/09/05,21:08:05,Jardins Mangueiral
47,30.00,34.00,2023/09/05,21:13:05,Jardins Mangueiral
47,30.00,34.00,2023/09/05,21:13:07,Jardins Mangueiral
47,30.00,33.00,2023/09/05,21:18:07,Jardins Mangueiral
47,30.00,33.00,2023/09/05,21:23:07,Jardins Mangueiral
47,30.00,33.00,2023/09/05,21:28:07,Jardins Mangueiral
47,30.00,32.00,2023/09/05,21:33:07,Jardins Mangueiral
47,30.00,32.00,2023/09/05,21:33:09,Jardins Mangueiral
47,30.00,33.00,2023/09/05,21:35:05,Jardins Mangueiral
46,30.00,32.00,2023/09/05,21:40:05,Jardins Mangueiral
51,31.00,32.00,2023/09/05,21:45:05,Jardins Mangueiral
48,30.00,32.00,2023/09/05,21:50:05,Jardins Mangueiral
51,30.00,34.00,2023/09/05,21:55:05,Jardins Mangueiral
50,30.00,37.00,2023/09/05,22:00:05,Jardins Mangueiral
50,30.00,36.00,2023/09/05,22:00:55,Jardins Mangueiral
51,30.00,39.00,2023/09/05,22:05:55,Jardins Mangueiral
50,30.00,41.00,2023/09/05,22:10:55,Jardins Mangueiral
50,30.00,40.00,2023/09/05,22:15:55,Jardins Mangueiral
50,30.00,39.00,2023/09/05,22:20:55,Jardins Mangueiral
51,30.00,39.00,2023/09/05,22:25:55,Jardins Mangueiral
50,30.00,39.00,2023/09/05,22:30:55,Jardins Mangueiral
51,30.00,39.00,2023/09/05,22:35:55,Jardins Mangueiral
51,30.00,38.00,2023/09/05,22:40:55,Jardins Mangueiral
52,30.00,39.00,2023/09/05,22:45:55,Jardins Mangueiral
52,30.00,39.00,2023/09/05,22:50:55,Jardins Mangueiral
52,30.00,39.00,2023/09/05,22:55:55,Jardins Mangueiral
52,30.00,39.00,2023/09/05,23:00:55,Jardins Mangueiral
52,30.00,39.00,2023/09/05,23:05:55,Jardins Mangueiral
51,30.00,40.00,2023/09/05,23:10:55,Jardins Mangueiral
51,30.00,40.00,2023/09/05,23:15:55,Jardins Mangueiral
51,30.00,40.00,2023/09/05,23:20:55,Jardins Mangueiral
51,30.00,39.00,2023/09/05,23:25:55,Jardins Mangueiral
51,30.00,40.00,2023/09/05,23:30:55,Jardins Mangueiral
51,30.00,40.00,2023/09/05,23:35:55,Jardins Mangueiral
51,30.00,40.00,2023/09/05,23:40:55,Jardins Mangueiral
51,30.00,40.00,2023/09/05,23:45:55,Jardins Mangueiral
51,30.00,40.00,2023/09/05,23:50:55,Jardins Mangueiral
51,30.00,41.00,2023/09/05,23:55:55,Jardins Mangueiral
51,30.00,41.00,2023/09/06,00:00:55,Jardins Mangueiral
51,30.00,41.00,2023/09/06,00:05:55,Jardins Mangueiral
51,30.00,41.00,2023/09/06,00:10:55,Jardins Mangueiral
51,30.00,41.00,2023/09/06,00:15:55,Jardins Mangueiral
51,30.00,40.00,2023/09/06,00:20:55,Jardins Mangueiral
51,30.00,40.00,2023/09/06,00:25:55,Jardins Mangueiral
51,30.00,40.00,2023/09/06,00:30:55,Jardins Mangueiral
51,30.00,40.00,2023/09/06,00:35:55,Jardins Mangueiral
51,30.00,40.00,2023/09/06,00:40:55,Jardins Mangueiral
51,30.00,40.00,2023/09/06,00:45:55,Jardins Mangueiral
51,30.00,39.00,2023/09/06,00:50:55,Jardins Mangueiral
51,30.00,39.00,2023/09/06,00:55:55,Jardins Mangueiral
51,30.00,40.00,2023/09/06,01:00:55,Jardins Mangueiral
51,30.00,39.00,2023/09/06,01:05:55,Jardins Mangueiral
51,30.00,39.00,2023/09/06,01:10:55,Jardins Mangueiral
51,30.00,39.00,2023/09/06,01:15:55,Jardins Mangueiral
51,30.00,40.00,2023/09/06,01:20:55,Jardins Mangueiral
51,30.00,39.00,2023/09/06,01:25:55,Jardins Mangueiral
51,30.00,40.00,2023/09/06,01:30:55,Jardins Mangueiral
51,30.00,40.00,2023/09/06,01:35:55,Jardins Mangueiral
51,30.00,40.00,2023/09/06,01:40:55,Jardins Mangueiral
51,30.00,40.00,2023/09/06,01:45:55,Jardins Mangueiral
51,30.00,40.00,2023/09/06,01:50:55,Jardins Mangueiral
50,30.00,40.00,2023/09/06,01:55:55,Jardins Mangueiral
50,30.00,40.00,2023/09/06,02:00:55,Jardins Mangueiral
51,30.00,40.00,2023/09/06,02:05:55,Jardins Mangueiral
50,30.00,40.00,2023/09/06,02:10:55,Jardins Mangueiral
51,30.00,40.00,2023/09/06,02:15:55,Jardins Mangueiral
51,30.00,40.00,2023/09/06,02:20:55,Jardins Mangueiral
50,30.00,40.00,2023/09/06,02:25:55,Jardins Mangueiral
51,30.00,40.00,2023/09/06,02:30:55,Jardins Mangueiral
51,29.00,40.00,2023/09/06,02:35:55,Jardins Mangueiral
50,29.00,40.00,2023/09/06,02:40:55,Jardins Mangueiral
51,29.00,40.00,2023/09/06,02:45:55,Jardins Mangueiral
50,29.00,40.00,2023/09/06,02:50:55,Jardins Mangueiral
50,29.00,40.00,2023/09/06,02:55:55,Jardins Mangueiral
51,29.00,41.00,2023/09/06,03:00:55,Jardins Mangueiral
50,29.00,41.00,2023/09/06,03:05:55,Jardins Mangueiral
51,29.00,41.00,2023/09/06,03:10:55,Jardins Mangueiral
50,29.00,41.00,2023/09/06,03:15:55,Jardins Mangueiral
50,29.00,41.00,2023/09/06,03:20:55,Jardins Mangueiral
50,29.00,41.00,2023/09/06,03:25:55,Jardins Mangueiral
50,29.00,41.00,2023/09/06,03:30:55,Jardins Mangueiral
50,29.00,41.00,2023/09/06,03:35:55,Jardins Mangueiral
50,29.00,41.00,2023/09/06,03:40:55,Jardins Mangueiral
50,29.00,41.00,2023/09/06,03:45:55,Jardins Mangueiral
50,29.00,41.00,2023/09/06,03:50:55,Jardins Mangueiral
50,29.00,41.00,2023/09/06,03:55:55,Jardins Mangueiral
50,29.00,41.00,2023/09/06,04:00:55,Jardins Mangueiral
50,29.00,41.00,2023/09/06,04:05:55,Jardins Mangueiral
50,29.00,41.00,2023/09/06,04:10:55,Jardins Mangueiral
51,29.00,41.00,2023/09/06,04:15:55,Jardins Mangueiral
50,29.00,41.00,2023/09/06,04:20:55,Jardins Mangueiral
50,29.00,41.00,2023/09/06,04:25:55,Jardins Mangueiral
50,29.00,41.00,2023/09/06,04:30:55,Jardins Mangueiral
50,29.00,41.00,2023/09/06,04:35:55,Jardins Mangueiral
50,29.00,41.00,2023/09/06,04:40:55,Jardins Mangueiral
50,29.00,41.00,2023/09/06,04:45:55,Jardins Mangueiral
50,29.00,41.00,2023/09/06,04:50:55,Jardins Mangueiral
50,29.00,41.00,2023/09/06,04:55:55,Jardins Mangueiral
50,29.00,41.00,2023/09/06,05:00:55,Jardins Mangueiral
50,29.00,42.00,2023/09/06,05:05:55,Jardins Mangueiral
50,28.00,42.00,2023/09/06,05:10:55,Jardins Mangueiral
50,28.00,42.00,2023/09/06,05:15:55,Jardins Mangueiral
50,28.00,42.00,2023/09/06,05:20:55,Jardins Mangueiral
50,28.00,42.00,2023/09/06,05:25:55,Jardins Mangueiral
50,28.00,42.00,2023/09/06,05:30:55,Jardins Mangueiral
50,28.00,42.00,2023/09/06,05:35:55,Jardins Mangueiral
50,28.00,42.00,2023/09/06,05:40:55,Jardins Mangueiral
49,28.00,43.00,2023/09/06,05:45:55,Jardins Mangueiral
49,27.00,44.00,2023/09/06,05:50:55,Jardins Mangueiral
49,27.00,44.00,2023/09/06,05:55:55,Jardins Mangueiral
49,27.00,45.00,2023/09/06,06:00:55,Jardins Mangueiral
49,27.00,45.00,2023/09/06,06:05:55,Jardins Mangueiral
49,27.00,45.00,2023/09/06,06:10:55,Jardins Mangueiral
49,28.00,45.00,2023/09/06,06:15:55,Jardins Mangueiral
49,27.00,45.00,2023/09/06,06:20:55,Jardins Mangueiral
49,27.00,45.00,2023/09/06,06:25:55,Jardins Mangueiral
49,27.00,45.00,2023/09/06,06:30:55,Jardins Mangueiral
49,27.00,45.00,2023/09/06,06:35:55,Jardins Mangueiral
24,25.00,46.00,2023/09/06,08:28:50,Asa Sul
30,25.00,48.00,2023/09/06,08:33:50,Asa Sul
30,25.00,47.00,2023/09/06,08:38:51,Asa Sul
29,24.00,48.00,2023/09/06,08:43:51,Asa Sul
29,24.00,48.00,2023/09/06,08:48:51,Asa Sul
32,24.00,47.00,2023/09/06,08:53:50,Asa Sul
36,24.00,47.00,2023/09/06,08:58:51,Asa Sul
32,24.00,47.00,2023/09/06,09:03:51,Asa Sul
31,24.00,47.00,2023/09/06,09:08:51,Asa Sul
31,24.00,47.00,2023/09/06,09:13:51,Asa Sul
41,24.00,47.00,2023/09/06,09:18:50,Asa Sul
41,24.00,47.00,2023/09/06,09:23:51,Asa Sul
40,24.00,47.00,2023/09/06,09:28:51,Asa Sul
45,24.00,48.00,2023/09/06,09:33:51,Asa Sul
43,25.00,49.00,2023/09/06,09:38:51,Asa Sul
43,25.00,48.00,2023/09/06,09:43:51,Asa Sul
43,25.00,48.00,2023/09/06,09:48:51,Asa Sul
43,26.00,47.00,2023/09/06,09:53:51,Asa Sul
42,25.00,46.00,2023/09/06,09:58:51,Asa Sul
42,25.00,45.00,2023/09/06,10:03:51,Asa Sul
42,25.00,45.00,2023/09/06,10:08:51,Asa Sul
42,25.00,45.00,2023/09/06,10:13:51,Asa Sul
42,25.00,46.00,2023/09/06,10:18:51,Asa Sul
41,25.00,46.00,2023/09/06,10:23:51,Asa Sul
42,25.00,46.00,2023/09/06,10:28:51,Asa Sul
42,25.00,45.00,2023/09/06,10:33:51,Asa Sul
42,25.00,45.00,2023/09/06,10:38:51,Asa Sul
47,25.00,45.00,2023/09/06,10:43:51,Asa Sul
47,25.00,45.00,2023/09/06,10:48:51,Asa Sul
66,29.00,34.00,2023/09/06,13:01:07,Jardins Mangueiral
78,29.00,35.00,2023/09/06,13:06:07,Jardins Mangueiral
77,29.00,34.00,2023/09/06,13:11:07,Jardins Mangueiral
67,29.00,34.00,2023/09/06,13:13:01,Jardins Mangueiral
60,29.00,34.00,2023/09/06,13:18:01,Jardins Mangueiral
65,29.00,33.00,2023/09/06,13:23:01,Jardins Mangueiral
65,29.00,33.00,2023/09/06,13:28:01,Jardins Mangueiral
66,29.00,32.00,2023/09/06,13:33:01,Jardins Mangueiral
64,30.00,32.00,2023/09/06,13:38:01,Jardins Mangueiral
64,30.00,32.00,2023/09/06,13:43:01,Jardins Mangueiral
65,29.00,33.00,2023/09/06,13:48:01,Jardins Mangueiral
61,29.00,32.00,2023/09/06,13:53:01,Jardins Mangueiral
62,29.00,33.00,2023/09/06,13:58:01,Jardins Mangueiral
60,29.00,32.00,2023/09/06,14:03:01,Jardins Mangueiral
61,29.00,31.00,2023/09/06,14:08:01,Jardins Mangueiral
59,29.00,31.00,2023/09/06,14:13:01,Jardins Mangueiral
60,30.00,31.00,2023/09/06,14:18:01,Jardins Mangueiral
60,30.00,32.00,2023/09/06,14:23:01,Jardins Mangueiral
61,29.00,31.00,2023/09/06,14:28:01,Jardins Mangueiral
60,30.00,30.00,2023/09/06,14:33:01,Jardins Mangueiral
60,29.00,31.00,2023/09/06,14:38:01,Jardins Mangueiral
60,30.00,31.00,2023/09/06,14:43:01,Jardins Mangueiral
60,30.00,30.00,2023/09/06,14:48:02,Jardins Mangueiral
60,29.00,30.00,2023/09/06,14:53:01,Jardins Mangueiral
60,29.00,31.00,2023/09/06,14:58:01,Jardins Mangueiral
60,29.00,30.00,2023/09/06,15:03:01,Jardins Mangueiral
60,29.00,29.00,2023/09/06,15:08:02,Jardins Mangueiral
54,30.00,30.00,2023/09/06,15:13:02,Jardins Mangueiral
54,30.00,30.00,2023/09/06,15:18:01,Jardins Mangueiral
54,29.00,30.00,2023/09/06,15:23:01,Jardins Mangueiral
55,30.00,30.00,2023/09/06,15:28:01,Jardins Mangueiral
55,29.00,29.00,2023/09/06,15:33:02,Jardins Mangueiral
55,30.00,29.00,2023/09/06,15:38:02,Jardins Mangueiral
56,30.00,30.00,2023/09/06,15:43:01,Jardins Mangueiral
56,30.00,29.00,2023/09/06,15:48:01,Jardins Mangueiral
56,29.00,28.00,2023/09/06,15:53:02,Jardins Mangueiral
56,29.00,28.00,2023/09/06,15:58:02,Jardins Mangueiral
57,30.00,29.00,2023/09/06,16:03:02,Jardins Mangueiral
55,30.00,29.00,2023/09/06,16:08:01,Jardins Mangueiral
57,29.00,29.00,2023/09/06,16:13:02,Jardins Mangueiral
58,29.00,30.00,2023/09/06,16:18:02,Jardins Mangueiral
59,29.00,30.00,2023/09/06,16:23:02,Jardins Mangueiral
59,29.00,30.00,2023/09/06,16:28:02,Jardins Mangueiral
59,29.00,30.00,2023/09/06,16:33:02,Jardins Mangueiral
59,29.00,30.00,2023/09/06,16:38:02,Jardins Mangueiral
60,29.00,30.00,2023/09/06,16:43:02,Jardins Mangueiral
58,30.00,30.00,2023/09/06,16:48:02,Jardins Mangueiral
58,29.00,30.00,2023/09/06,16:53:02,Jardins Mangueiral
59,29.00,30.00,2023/09/06,16:58:02,Jardins Mangueiral
58,29.00,31.00,2023/09/06,17:03:02,Jardins Mangueiral
58,29.00,31.00,2023/09/06,17:08:02,Jardins Mangueiral
57,29.00,31.00,2023/09/06,17:13:02,Jardins Mangueiral
58,29.00,31.00,2023/09/06,17:18:02,Jardins Mangueiral
58,29.00,31.00,2023/09/06,17:23:02,Jardins Mangueiral
58,29.00,31.00,2023/09/06,17:28:02,Jardins Mangueiral
58,29.00,31.00,2023/09/06,17:33:02,Jardins Mangueiral
58,29.00,31.00,2023/09/06,17:38:02,Jardins Mangueiral
58,29.00,31.00,2023/09/06,17:43:02,Jardins Mangueiral
58,29.00,31.00,2023/09/06,17:48:02,Jardins Mangueiral
57,29.00,31.00,2023/09/06,17:53:02,Jardins Mangueiral
58,29.00,31.00,2023/09/06,17:58:02,Jardins Mangueiral
58,29.00,31.00,2023/09/06,18:03:02,Jardins Mangueiral
58,29.00,31.00,2023/09/06,18:08:02,Jardins Mangueiral
66,29.00,31.00,2023/09/06,18:13:02,Jardins Mangueiral
67,29.00,31.00,2023/09/06,18:18:02,Jardins Mangueiral
66,29.00,31.00,2023/09/06,18:23:02,Jardins Mangueiral
67,29.00,31.00,2023/09/06,18:28:02,Jardins Mangueiral
68,29.00,31.00,2023/09/06,18:33:02,Jardins Mangueiral
68,29.00,32.00,2023/09/06,18:38:02,Jardins Mangueiral
68,29.00,32.00,2023/09/06,18:43:02,Jardins Mangueiral
62,29.00,32.00,2023/09/06,18:48:02,Jardins Mangueiral
65,29.00,33.00,2023/09/06,18:53:02,Jardins Mangueiral
65,29.00,33.00,2023/09/06,18:58:02,Jardins Mangueiral
65,29.00,33.00,2023/09/06,19:03:02,Jardins Mangueiral
66,29.00,33.00,2023/09/06,19:08:02,Jardins Mangueiral
51,28.00,33.00,2023/09/06,19:13:02,Jardins Mangueiral
51,29.00,33.00,2023/09/06,19:18:02,Jardins Mangueiral
51,29.00,33.00,2023/09/06,19:23:02,Jardins Mangueiral
52,29.00,33.00,2023/09/06,19:28:02,Jardins Mangueiral
50,28.00,33.00,2023/09/06,19:33:02,Jardins Mangueiral
51,28.00,33.00,2023/09/06,19:38:02,Jardins Mangueiral
50,28.00,33.00,2023/09/06,19:43:02,Jardins Mangueiral
51,29.00,33.00,2023/09/06,19:48:02,Jardins Mangueiral
64,28.00,34.00,2023/09/06,19:53:02,Jardins Mangueiral
53,28.00,34.00,2023/09/06,19:58:02,Jardins Mangueiral
51,28.00,34.00,2023/09/06,20:03:02,Jardins Mangueiral
50,28.00,34.00,2023/09/06,20:08:02,Jardins Mangueiral
51,28.00,35.00,2023/09/06,20:13:02,Jardins Mangueiral
56,28.00,35.00,2023/09/06,20:18:02,Jardins Mangueiral
56,28.00,35.00,2023/09/06,20:23:02,Jardins Mangueiral
56,28.00,35.00,2023/09/06,20:28:02,Jardins Mangueiral
56,28.00,36.00,2023/09/06,20:33:02,Jardins Mangueiral
56,28.00,35.00,2023/09/06,20:38:02,Jardins Mangueiral
56,28.00,35.00,2023/09/06,20:43:02,Jardins Mangueiral
56,28.00,35.00,2023/09/06,20:48:02,Jardins Mangueiral
56,28.00,35.00,2023/09/06,20:53:02,Jardins Mangueiral
56,28.00,35.00,2023/09/06,20:58:02,Jardins Mangueiral
56,28.00,35.00,2023/09/06,21:03:02,Jardins Mangueiral
57,28.00,35.00,2023/09/06,21:08:02,Jardins Mangueiral
57,27.00,35.00,2023/09/06,21:13:02,Jardins Mangueiral
56,28.00,35.00,2023/09/06,21:18:02,Jardins Mangueiral
56,27.00,36.00,2023/09/06,21:23:02,Jardins Mangueiral
56,27.00,36.00,2023/09/06,21:28:02,Jardins Mangueiral
56,27.00,36.00,2023/09/06,21:33:02,Jardins Mangueiral
56,28.00,36.00,2023/09/06,21:38:02,Jardins Mangueiral
56,28.00,36.00,2023/09/06,21:43:02,Jardins Mangueiral
59,28.00,36.00,2023/09/06,21:48:02,Jardins Mangueiral
60,28.00,35.00,2023/09/06,21:53:02,Jardins Mangueiral
61,28.00,35.00,2023/09/06,21:58:02,Jardins Mangueiral
61,28.00,35.00,2023/09/06,22:03:02,Jardins Mangueiral
61,28.00,35.00,2023/09/06,22:08:02,Jardins Mangueiral
62,28.00,35.00,2023/09/06,22:13:02,Jardins Mangueiral
62,28.00,35.00,2023/09/06,22:18:02,Jardins Mangueiral
62,28.00,35.00,2023/09/06,22:23:02,Jardins Mangueiral
62,28.00,35.00,2023/09/06,22:28:02,Jardins Mangueiral
62,28.00,35.00,2023/09/06,22:33:02,Jardins Mangueiral
62,28.00,35.00,2023/09/06,22:38:02,Jardins Mangueiral
62,28.00,35.00,2023/09/06,22:43:02,Jardins Mangueiral
62,28.00,35.00,2023/09/06,22:48:02,Jardins Mangueiral
62,28.00,36.00,2023/09/06,22:53:02,Jardins Mangueiral
63,28.00,36.00,2023/09/06,22:58:02,Jardins Mangueiral
62,28.00,36.00,2023/09/06,23:03:02,Jardins Mangueiral
63,28.00,36.00,2023/09/06,23:08:02,Jardins Mangueiral
63,28.00,36.00,2023/09/06,23:13:02,Jardins Mangueiral
63,28.00,36.00,2023/09/06,23:18:02,Jardins Mangueiral
62,28.00,36.00,2023/09/06,23:23:02,Jardins Mangueiral
62,28.00,36.00,2023/09/06,23:28:02,Jardins Mangueiral
63,28.00,36.00,2023/09/06,23:33:02,Jardins Mangueiral
63,28.00,36.00,2023/09/06,23:38:02,Jardins Mangueiral
62,28.00,36.00,2023/09/06,23:43:02,Jardins Mangueiral
63,28.00,36.00,2023/09/06,23:48:02,Jardins Mangueiral
63,28.00,36.00,2023/09/06,23:53:02,Jardins Mangueiral
63,28.00,36.00,2023/09/06,23:58:02,Jardins Mangueiral
63,28.00,36.00,2023/09/07,00:03:02,Jardins Mangueiral
62,28.00,36.00,2023/09/07,00:08:02,Jardins Mangueiral
63,28.00,36.00,2023/09/07,00:13:02,Jardins Mangueiral
62,28.00,36.00,2023/09/07,00:18:02,Jardins Mangueiral
63,28.00,36.00,2023/09/07,00:23:02,Jardins Mangueiral
64,28.00,36.00,2023/09/07,00:28:02,Jardins Mangueiral
63,28.00,36.00,2023/09/07,00:33:02,Jardins Mangueiral
62,28.00,36.00,2023/09/07,00:38:02,Jardins Mangueiral
62,28.00,36.00,2023/09/07,00:43:02,Jardins Mangueiral
62,28.00,36.00,2023/09/07,00:48:02,Jardins Mangueiral
63,28.00,36.00,2023/09/07,00:53:02,Jardins Mangueiral
62,28.00,36.00,2023/09/07,00:58:02,Jardins Mangueiral
62,28.00,36.00,2023/09/07,01:03:02,Jardins Mangueiral
63,28.00,36.00,2023/09/07,01:08:02,Jardins Mangueiral
62,28.00,35.00,2023/09/07,01:13:02,Jardins Mangueiral
63,28.00,35.00,2023/09/07,01:18:02,Jardins Mangueiral
63,28.00,35.00,2023/09/07,01:23:02,Jardins Mangueiral
62,28.00,34.00,2023/09/07,01:28:02,Jardins Mangueiral
62,28.00,34.00,2023/09/07,01:33:02,Jardins Mangueiral
63,27.00,34.00,2023/09/07,01:38:02,Jardins Mangueiral
62,27.00,34.00,2023/09/07,01:43:02,Jardins Mangueiral
63,27.00,34.00,2023/09/07,01:48:02,Jardins Mangueiral
63,27.00,34.00,2023/09/07,01:53:02,Jardins Mangueiral
63,28.00,34.00,2023/09/07,01:58:02,Jardins Mangueiral
63,27.00,34.00,2023/09/07,02:03:02,Jardins Mangueiral
63,27.00,34.00,2023/09/07,02:08:02,Jardins Mangueiral
62,27.00,34.00,2023/09/07,02:13:02,Jardins Mangueiral
63,27.00,34.00,2023/09/07,02:18:02,Jardins Mangueiral
63,27.00,34.00,2023/09/07,02:23:02,Jardins Mangueiral
63,27.00,34.00,2023/09/07,02:28:02,Jardins Mangueiral
63,27.00,34.00,2023/09/07,02:33:02,Jardins Mangueiral
63,27.00,34.00,2023/09/07,02:38:02,Jardins Mangueiral
63,27.00,34.00,2023/09/07,02:43:02,Jardins Mangueiral
63,27.00,34.00,2023/09/07,02:48:02,Jardins Mangueiral
64,27.00,34.00,2023/09/07,02:53:02,Jardins Mangueiral
64,27.00,33.00,2023/09/07,02:58:02,Jardins Mangueiral
63,27.00,33.00,2023/09/07,03:03:02,Jardins Mangueiral
63,27.00,33.00,2023/09/07,03:08:02,Jardins Mangueiral
64,27.00,33.00,2023/09/07,03:13:02,Jardins Mangueiral
63,27.00,33.00,2023/09/07,03:18:02,Jardins Mangueiral
64,27.00,34.00,2023/09/07,03:23:02,Jardins Mangueiral
64,27.00,34.00,2023/09/07,03:28:02,Jardins Mangueiral
64,27.00,34.00,2023/09/07,03:33:02,Jardins Mangueiral
63,27.00,34.00,2023/09/07,03:38:02,Jardins Mangueiral
64,27.00,34.00,2023/09/07,03:43:02,Jardins Mangueiral
64,27.00,34.00,2023/09/07,03:48:02,Jardins Mangueiral
64,27.00,34.00,2023/09/07,03:53:02,Jardins Mangueiral
64,27.00,34.00,2023/09/07,03:58:02,Jardins Mangueiral
64,27.00,34.00,2023/09/07,04:03:02,Jardins Mangueiral
64,27.00,34.00,2023/09/07,04:08:02,Jardins Mangueiral
64,27.00,34.00,2023/09/07,04:13:02,Jardins Mangueiral
64,27.00,34.00,2023/09/07,04:18:02,Jardins Mangueiral
64,27.00,34.00,2023/09/07,04:23:02,Jardins Mangueiral
63,27.00,34.00,2023/09/07,04:28:02,Jardins Mangueiral
64,27.00,34.00,2023/09/07,04:33:02,Jardins Mangueiral
64,27.00,34.00,2023/09/07,04:38:02,Jardins Mangueiral
64,26.00,34.00,2023/09/07,04:43:02,Jardins Mangueiral
63,27.00,34.00,2023/09/07,04:48:02,Jardins Mangueiral
63,26.00,34.00,2023/09/07,04:53:02,Jardins Mangueiral
63,26.00,34.00,2023/09/07,04:58:02,Jardins Mangueiral
64,26.00,34.00,2023/09/07,05:03:02,Jardins Mangueiral
63,26.00,34.00,2023/09/07,05:08:02,Jardins Mangueiral
63,26.00,34.00,2023/09/07,05:13:02,Jardins Mangueiral
62,26.00,34.00,2023/09/07,05:18:02,Jardins Mangueiral
63,26.00,34.00,2023/09/07,05:23:02,Jardins Mangueiral
62,26.00,34.00,2023/09/07,05:28:02,Jardins Mangueiral
63,26.00,34.00,2023/09/07,05:33:02,Jardins Mangueiral
62,26.00,34.00,2023/09/07,05:38:02,Jardins Mangueiral
62,26.00,34.00,2023/09/07,05:43:02,Jardins Mangueiral
63,26.00,34.00,2023/09/07,05:48:02,Jardins Mangueiral
64,26.00,34.00,2023/09/07,05:53:02,Jardins Mangueiral
64,26.00,34.00,2023/09/07,05:58:02,Jardins Mangueiral
63,26.00,35.00,2023/09/07,06:03:02,Jardins Mangueiral
63,26.00,35.00,2023/09/07,06:08:02,Jardins Mangueiral
63,26.00,35.00,2023/09/07,06:13:02,Jardins Mangueiral
64,26.00,35.00,2023/09/07,06:18:02,Jardins Mangueiral
63,26.00,35.00,2023/09/07,06:23:02,Jardins Mangueiral
63,26.00,35.00,2023/09/07,06:28:02,Jardins Mangueiral
63,26.00,34.00,2023/09/07,06:33:02,Jardins Mangueiral
62,25.00,35.00,2023/09/07,06:38:02,Jardins Mangueiral
62,25.00,36.00,2023/09/07,06:43:02,Jardins Mangueiral
61,25.00,36.00,2023/09/07,06:48:02,Jardins Mangueiral
62,24.00,37.00,2023/09/07,06:53:02,Jardins Mangueiral
61,24.00,37.00,2023/09/07,06:58:02,Jardins Mangueiral
61,24.00,37.00,2023/09/07,07:03:02,Jardins Mangueiral
62,24.00,37.00,2023/09/07,07:08:02,Jardins Mangueiral
61,24.00,37.00,2023/09/07,07:13:02,Jardins Mangueiral
61,24.00,38.00,2023/09/07,07:18:02,Jardins Mangueiral
61,24.00,38.00,2023/09/07,07:23:02,Jardins Mangueiral
61,24.00,38.00,2023/09/07,07:28:02,Jardins Mangueiral
61,24.00,38.00,2023/09/07,07:33:02,Jardins Mangueiral
61,24.00,38.00,2023/09/07,07:38:02,Jardins Mangueiral
61,24.00,38.00,2023/09/07,07:43:02,Jardins Mangueiral
61,24.00,38.00,2023/09/07,07:48:02,Jardins Mangueiral
61,24.00,38.00,2023/09/07,07:53:02,Jardins Mangueiral
61,24.00,38.00,2023/09/07,07:58:02,Jardins Mangueiral
61,24.00,39.00,2023/09/07,08:03:02,Jardins Mangueiral
61,24.00,38.00,2023/09/07,08:08:02,Jardins Mangueiral
61,24.00,38.00,2023/09/07,08:13:02,Jardins Mangueiral
61,24.00,38.00,2023/09/07,08:18:02,Jardins Mangueiral
61,24.00,38.00,2023/09/07,08:23:02,Jardins Mangueiral
65,27.00,30.00,2023/09/07,10:22:07,Tororó
77,27.00,30.00,2023/09/07,10:27:07,Tororó
76,27.00,30.00,2023/09/07,10:32:07,Tororó
75,27.00,31.00,2023/09/07,10:37:07,Tororó
75,27.00,31.00,2023/09/07,10:42:07,Tororó
73,27.00,31.00,2023/09/07,10:47:07,Tororó
73,28.00,31.00,2023/09/07,10:52:07,Tororó
75,28.00,31.00,2023/09/07,10:57:07,Tororó
75,28.00,30.00,2023/09/07,10:58:17,Tororó
72,28.00,28.00,2023/09/07,10:59:05,Tororó
71,28.00,30.00,2023/09/07,11:00:13,Tororó
72,27.00,32.00,2023/09/07,11:05:13,Tororó
79,27.00,31.00,2023/09/07,11:10:13,Tororó
70,28.00,29.00,2023/09/07,11:15:13,Tororó
71,28.00,29.00,2023/09/07,11:20:13,Tororó
72,28.00,30.00,2023/09/07,11:25:13,Tororó
72,28.00,30.00,2023/09/07,11:30:13,Tororó
73,28.00,30.00,2023/09/07,11:35:13,Tororó
72,28.00,28.00,2023/09/07,11:40:13,Tororó
73,28.00,28.00,2023/09/07,11:45:13,Tororó
73,28.00,26.00,2023/09/07,11:50:13,Tororó
68,28.00,26.00,2023/09/07,11:55:13,Tororó
67,29.00,28.00,2023/09/07,12:00:13,Tororó
74,29.00,27.00,2023/09/07,12:05:13,Tororó
75,29.00,26.00,2023/09/07,12:10:13,Tororó
76,30.00,25.00,2023/09/07,12:15:13,Tororó
75,30.00,25.00,2023/09/07,12:20:13,Tororó
74,30.00,24.00,2023/09/07,12:25:13,Tororó
75,30.00,25.00,2023/09/07,12:30:13,Tororó
74,30.00,25.00,2023/09/07,12:35:13,Tororó
74,30.00,24.00,2023/09/07,12:40:13,Tororó
74,30.00,23.00,2023/09/07,12:45:13,Tororó
74,30.00,24.00,2023/09/07,12:50:13,Tororó
73,31.00,23.00,2023/09/07,12:55:13,Tororó
44,27.00,25.00,2023/09/07,14:01:48,Jardins Mangueiral
43,27.00,25.00,2023/09/07,14:06:48,Jardins Mangueiral
42,27.00,25.00,2023/09/07,14:11:48,Jardins Mangueiral
42,27.00,24.00,2023/09/07,14:16:48,Jardins Mangueiral
43,27.00,24.00,2023/09/07,14:21:48,Jardins Mangueiral
42,27.00,24.00,2023/09/07,14:26:48,Jardins Mangueiral
42,27.00,23.00,2023/09/07,14:31:48,Jardins Mangueiral
41,28.00,24.00,2023/09/07,14:36:48,Jardins Mangueiral
41,28.00,23.00,2023/09/07,14:41:48,Jardins Mangueiral
41,28.00,24.00,2023/09/07,14:46:48,Jardins Mangueiral
40,28.00,24.00,2023/09/07,14:51:48,Jardins Mangueiral
40,28.00,23.00,2023/09/07,14:56:48,Jardins Mangueiral
40,28.00,23.00,2023/09/07,15:01:48,Jardins Mangueiral
40,28.00,22.00,2023/09/07,15:06:48,Jardins Mangueiral
40,28.00,22.00,2023/09/07,15:11:48,Jardins Mangueiral
40,28.00,21.00,2023/09/07,15:16:48,Jardins Mangueiral
40,28.00,21.00,2023/09/07,15:21:48,Jardins Mangueiral
40,28.00,22.00,2023/09/07,15:26:48,Jardins Mangueiral
40,28.00,22.00,2023/09/07,15:31:48,Jardins Mangueiral
40,28.00,22.00,2023/09/07,15:36:48,Jardins Mangueiral
40,28.00,21.00,2023/09/07,15:41:48,Jardins Mangueiral
40,28.00,22.00,2023/09/07,15:46:48,Jardins Mangueiral
40,28.00,22.00,2023/09/07,15:51:48,Jardins Mangueiral
40,28.00,21.00,2023/09/07,15:56:48,Jardins Mangueiral
40,28.00,20.00,2023/09/07,16:01:48,Jardins Mangueiral
40,28.00,20.00,2023/09/07,16:06:48,Jardins Mangueiral
40,28.00,20.00,2023/09/07,16:11:48,Jardins Mangueiral
40,28.00,21.00,2023/09/07,16:16:48,Jardins Mangueiral
40,28.00,21.00,2023/09/07,16:21:48,Jardins Mangueiral
40,28.00,20.00,2023/09/07,16:26:48,Jardins Mangueiral
40,28.00,20.00,2023/09/07,16:31:48,Jardins Mangueiral
40,28.00,21.00,2023/09/07,16:36:48,Jardins Mangueiral
40,28.00,21.00,2023/09/07,16:41:48,Jardins Mangueiral
40,28.00,21.00,2023/09/07,16:46:48,Jardins Mangueiral
40,28.00,20.00,2023/09/07,16:51:48,Jardins Mangueiral
40,28.00,20.00,2023/09/07,16:56:48,Jardins Mangueiral
40,28.00,20.00,2023/09/07,17:01:48,Jardins Mangueiral
40,28.00,20.00,2023/09/07,17:06:48,Jardins Mangueiral
40,28.00,20.00,2023/09/07,17:11:48,Jardins Mangueiral
39,28.00,20.00,2023/09/07,17:16:48,Jardins Mangueiral
39,28.00,22.00,2023/09/07,17:21:48,Jardins Mangueiral
39,28.00,22.00,2023/09/07,17:26:48,Jardins Mangueiral
39,28.00,23.00,2023/09/07,17:31:48,Jardins Mangueiral
39,28.00,23.00,2023/09/07,17:36:48,Jardins Mangueiral
39,28.00,24.00,2023/09/07,17:41:48,Jardins Mangueiral
39,28.00,24.00,2023/09/07,17:46:48,Jardins Mangueiral
39,28.00,24.00,2023/09/07,17:51:48,Jardins Mangueiral
39,28.00,23.00,2023/09/07,17:56:48,Jardins Mangueiral
39,28.00,24.00,2023/09/07,18:01:48,Jardins Mangueiral
39,29.00,23.00,2023/09/07,18:06:48,Jardins Mangueiral
39,28.00,23.00,2023/09/07,18:11:48,Jardins Mangueiral
39,29.00,23.00,2023/09/07,18:16:48,Jardins Mangueiral
39,28.00,23.00,2023/09/07,18:21:48,Jardins Mangueiral
39,28.00,25.00,2023/09/07,18:26:48,Jardins Mangueiral
38,28.00,20.00,2023/09/07,18:31:48,Jardins Mangueiral
37,28.00,21.00,2023/09/07,18:36:48,Jardins Mangueiral
37,27.00,21.00,2023/09/07,18:41:48,Jardins Mangueiral
37,27.00,21.00,2023/09/07,18:46:48,Jardins Mangueiral
37,27.00,21.00,2023/09/07,18:51:48,Jardins Mangueiral
37,27.00,21.00,2023/09/07,18:56:48,Jardins Mangueiral
37,27.00,21.00,2023/09/07,19:01:48,Jardins Mangueiral
37,27.00,22.00,2023/09/07,19:06:48,Jardins Mangueiral
37,27.00,22.00,2023/09/07,19:11:48,Jardins Mangueiral
37,27.00,22.00,2023/09/07,19:16:48,Jardins Mangueiral
37,27.00,22.00,2023/09/07,19:21:48,Jardins Mangueiral
37,27.00,22.00,2023/09/07,19:26:48,Jardins Mangueiral
38,27.00,22.00,2023/09/07,19:31:48,Jardins Mangueiral
37,27.00,22.00,2023/09/07,19:36:48,Jardins Mangueiral
37,27.00,22.00,2023/09/07,19:41:48,Jardins Mangueiral
37,27.00,22.00,2023/09/07,19:46:48,Jardins Mangueiral
37,27.00,22.00,2023/09/07,19:51:48,Jardins Mangueiral
37,27.00,22.00,2023/09/07,19:56:48,Jardins Mangueiral
37,27.00,22.00,2023/09/07,20:01:48,Jardins Mangueiral
37,27.00,23.00,2023/09/07,20:06:48,Jardins Mangueiral
37,27.00,23.00,2023/09/07,20:11:48,Jardins Mangueiral
37,27.00,23.00,2023/09/07,20:16:48,Jardins Mangueiral
37,27.00,22.00,2023/09/07,20:21:48,Jardins Mangueiral
37,27.00,22.00,2023/09/07,20:26:48,Jardins Mangueiral
37,27.00,23.00,2023/09/07,20:31:48,Jardins Mangueiral
40,27.00,23.00,2023/09/07,20:36:48,Jardins Mangueiral
39,27.00,23.00,2023/09/07,20:41:48,Jardins Mangueiral
39,27.00,22.00,2023/09/07,20:46:48,Jardins Mangueiral
39,27.00,23.00,2023/09/07,20:51:48,Jardins Mangueiral
39,27.00,22.00,2023/09/07,20:56:48,Jardins Mangueiral
40,27.00,22.00,2023/09/07,21:01:48,Jardins Mangueiral
40,27.00,22.00,2023/09/07,21:06:48,Jardins Mangueiral
40,27.00,23.00,2023/09/07,21:11:48,Jardins Mangueiral
40,27.00,22.00,2023/09/07,21:16:48,Jardins Mangueiral
40,27.00,22.00,2023/09/07,21:21:48,Jardins Mangueiral
39,27.00,21.00,2023/09/07,21:26:48,Jardins Mangueiral
40,27.00,22.00,2023/09/07,21:31:48,Jardins Mangueiral
40,27.00,22.00,2023/09/07,21:36:48,Jardins Mangueiral
40,27.00,22.00,2023/09/07,21:41:48,Jardins Mangueiral
39,27.00,22.00,2023/09/07,21:46:48,Jardins Mangueiral
39,27.00,22.00,2023/09/07,21:51:48,Jardins Mangueiral
39,26.00,22.00,2023/09/07,21:56:48,Jardins Mangueiral
38,27.00,22.00,2023/09/07,22:01:48,Jardins Mangueiral
38,27.00,22.00,2023/09/07,22:06:48,Jardins Mangueiral
38,27.00,22.00,2023/09/07,22:11:48,Jardins Mangueiral
38,27.00,23.00,2023/09/07,22:16:48,Jardins Mangueiral
39,27.00,23.00,2023/09/07,22:21:48,Jardins Mangueiral
39,27.00,24.00,2023/09/07,22:26:48,Jardins Mangueiral
39,27.00,24.00,2023/09/07,22:31:48,Jardins Mangueiral
39,27.00,24.00,2023/09/07,22:36:48,Jardins Mangueiral
39,27.00,24.00,2023/09/07,22:41:48,Jardins Mangueiral
39,27.00,24.00,2023/09/07,22:46:48,Jardins Mangueiral
39,27.00,25.00,2023/09/07,22:51:48,Jardins Mangueiral
39,27.00,25.00,2023/09/07,22:56:48,Jardins Mangueiral
39,27.00,26.00,2023/09/07,23:01:48,Jardins Mangueiral
39,27.00,26.00,2023/09/07,23:06:48,Jardins Mangueiral
39,27.00,26.00,2023/09/07,23:11:48,Jardins Mangueiral
39,27.00,27.00,2023/09/07,23:16:48,Jardins Mangueiral
39,27.00,27.00,2023/09/07,23:21:48,Jardins Mangueiral
39,27.00,27.00,2023/09/07,23:26:48,Jardins Mangueiral
39,27.00,27.00,2023/09/07,23:31:48,Jardins Mangueiral
39,27.00,27.00,2023/09/07,23:36:48,Jardins Mangueiral
39,27.00,28.00,2023/09/07,23:41:48,Jardins Mangueiral
39,27.00,28.00,2023/09/07,23:46:48,Jardins Mangueiral
39,27.00,28.00,2023/09/07,23:51:48,Jardins Mangueiral
39,27.00,27.00,2023/09/07,23:56:48,Jardins Mangueiral
40,27.00,28.00,2023/09/08,00:01:48,Jardins Mangueiral
39,27.00,27.00,2023/09/08,00:06:48,Jardins Mangueiral
39,27.00,27.00,2023/09/08,00:11:48,Jardins Mangueiral
40,27.00,28.00,2023/09/08,00:16:48,Jardins Mangueiral
40,27.00,28.00,2023/09/08,00:21:48,Jardins Mangueiral
39,27.00,27.00,2023/09/08,00:26:48,Jardins Mangueiral
39,27.00,27.00,2023/09/08,00:31:48,Jardins Mangueiral
39,27.00,27.00,2023/09/08,00:36:48,Jardins Mangueiral
39,27.00,27.00,2023/09/08,00:41:48,Jardins Mangueiral
40,26.00,28.00,2023/09/08,00:46:48,Jardins Mangueiral
40,27.00,28.00,2023/09/08,00:51:48,Jardins Mangueiral
39,26.00,28.00,2023/09/08,00:56:48,Jardins Mangueiral
40,26.00,28.00,2023/09/08,01:01:48,Jardins Mangueiral
39,26.00,28.00,2023/09/08,01:06:48,Jardins Mangueiral
39,27.00,28.00,2023/09/08,01:11:48,Jardins Mangueiral
40,26.00,29.00,2023/09/08,01:16:48,Jardins Mangueiral
40,26.00,29.00,2023/09/08,01:21:48,Jardins Mangueiral
40,26.00,29.00,2023/09/08,01:26:48,Jardins Mangueiral
40,26.00,28.00,2023/09/08,01:31:48,Jardins Mangueiral
40,26.00,28.00,2023/09/08,01:36:48,Jardins Mangueiral
40,26.00,28.00,2023/09/08,01:41:48,Jardins Mangueiral
40,26.00,28.00,2023/09/08,01:46:48,Jardins Mangueiral
40,26.00,28.00,2023/09/08,01:51:48,Jardins Mangueiral
40,26.00,28.00,2023/09/08,01:56:48,Jardins Mangueiral
40,26.00,28.00,2023/09/08,02:01:48,Jardins Mangueiral
40,26.00,28.00,2023/09/08,02:06:48,Jardins Mangueiral
40,26.00,28.00,2023/09/08,02:11:48,Jardins Mangueiral
40,26.00,28.00,2023/09/08,02:16:48,Jardins Mangueiral
40,26.00,29.00,2023/09/08,02:21:48,Jardins Mangueiral
40,26.00,29.00,2023/09/08,02:26:48,Jardins Mangueiral
40,26.00,29.00,2023/09/08,02:31:48,Jardins Mangueiral
40,26.00,29.00,2023/09/08,02:36:48,Jardins Mangueiral
40,26.00,29.00,2023/09/08,02:41:48,Jardins Mangueiral
40,26.00,29.00,2023/09/08,02:46:48,Jardins Mangueiral
40,26.00,30.00,2023/09/08,02:51:48,Jardins Mangueiral
40,26.00,30.00,2023/09/08,02:56:48,Jardins Mangueiral
40,26.00,30.00,2023/09/08,03:01:48,Jardins Mangueiral
40,26.00,30.00,2023/09/08,03:06:48,Jardins Mangueiral
40,26.00,31.00,2023/09/08,03:11:48,Jardins Mangueiral
40,26.00,31.00,2023/09/08,03:16:48,Jardins Mangueiral
40,26.00,31.00,2023/09/08,03:21:48,Jardins Mangueiral
40,26.00,31.00,2023/09/08,03:26:48,Jardins Mangueiral
40,26.00,31.00,2023/09/08,03:31:48,Jardins Mangueiral
40,26.00,32.00,2023/09/08,03:36:48,Jardins Mangueiral
40,26.00,32.00,2023/09/08,03:41:48,Jardins Mangueiral
40,26.00,32.00,2023/09/08,03:46:48,Jardins Mangueiral
40,26.00,32.00,2023/09/08,03:51:48,Jardins Mangueiral
40,26.00,32.00,2023/09/08,03:56:48,Jardins Mangueiral
40,26.00,32.00,2023/09/08,04:01:48,Jardins Mangueiral
40,26.00,32.00,2023/09/08,04:06:48,Jardins Mangueiral
40,26.00,32.00,2023/09/08,04:11:48,Jardins Mangueiral
40,26.00,32.00,2023/09/08,04:16:48,Jardins Mangueiral
40,26.00,32.00,2023/09/08,04:21:48,Jardins Mangueiral
40,26.00,33.00,2023/09/08,04:26:48,Jardins Mangueiral
40,26.00,33.00,2023/09/08,04:31:48,Jardins Mangueiral
40,26.00,33.00,2023/09/08,04:36:48,Jardins Mangueiral
40,25.00,33.00,2023/09/08,04:41:48,Jardins Mangueiral
40,26.00,33.00,2023/09/08,04:46:48,Jardins Mangueiral
40,25.00,33.00,2023/09/08,04:51:48,Jardins Mangueiral
40,25.00,33.00,2023/09/08,04:56:49,Jardins Mangueiral
40,25.00,34.00,2023/09/08,05:01:48,Jardins Mangueiral
40,25.00,34.00,2023/09/08,05:06:48,Jardins Mangueiral
40,25.00,34.00,2023/09/08,05:11:48,Jardins Mangueiral
40,25.00,34.00,2023/09/08,05:16:48,Jardins Mangueiral
41,25.00,34.00,2023/09/08,05:21:49,Jardins Mangueiral
40,25.00,34.00,2023/09/08,05:26:48,Jardins Mangueiral
43,25.00,34.00,2023/09/08,05:31:48,Jardins Mangueiral
42,25.00,35.00,2023/09/08,05:36:48,Jardins Mangueiral
42,25.00,35.00,2023/09/08,05:41:49,Jardins Mangueiral
40,25.00,36.00,2023/09/08,05:46:49,Jardins Mangueiral
40,24.00,36.00,2023/09/08,05:51:48,Jardins Mangueiral
40,24.00,37.00,2023/09/08,05:56:48,Jardins Mangueiral
39,24.00,38.00,2023/09/08,06:01:48,Jardins Mangueiral
40,24.00,38.00,2023/09/08,06:06:49,Jardins Mangueiral
39,24.00,39.00,2023/09/08,06:11:49,Jardins Mangueiral
40,24.00,40.00,2023/09/08,06:16:48,Jardins Mangueiral
40,24.00,40.00,2023/09/08,06:21:48,Jardins Mangueiral
40,24.00,40.00,2023/09/08,06:26:48,Jardins Mangueiral
40,24.00,40.00,2023/09/08,06:31:49,Jardins Mangueiral
40,24.00,41.00,2023/09/08,06:36:49,Jardins Mangueiral
92,24.00,42.00,2023/09/08,08:27:04,Asa Sul
80,24.00,42.00,2023/09/08,08:32:04,Asa Sul
77,24.00,42.00,2023/09/08,08:37:04,Asa Sul
77,24.00,41.00,2023/09/08,08:42:04,Asa Sul
81,24.00,41.00,2023/09/08,08:47:04,Asa Sul
81,24.00,41.00,2023/09/08,08:52:04,Asa Sul
77,24.00,40.00,2023/09/08,08:57:04,Asa Sul
74,24.00,40.00,2023/09/08,09:02:04,Asa Sul
79,24.00,40.00,2023/09/08,09:07:04,Asa Sul
79,24.00,40.00,2023/09/08,09:12:04,Asa Sul
79,24.00,40.00,2023/09/08,09:17:04,Asa Sul
79,24.00,40.00,2023/09/08,09:22:04,Asa Sul
80,24.00,40.00,2023/09/08,09:27:04,Asa Sul
78,24.00,40.00,2023/09/08,09:32:04,Asa Sul
78,24.00,40.00,2023/09/08,09:37:04,Asa Sul
78,24.00,40.00,2023/09/08,09:42:04,Asa Sul
76,24.00,40.00,2023/09/08,09:47:04,Asa Sul
74,24.00,40.00,2023/09/08,09:52:04,Asa Sul
74,24.00,40.00,2023/09/08,09:57:04,Asa Sul
75,24.00,40.00,2023/09/08,10:02:04,Asa Sul
75,24.00,40.00,2023/09/08,10:07:04,Asa Sul
78,24.00,40.00,2023/09/08,10:12:04,Asa Sul
78,24.00,40.00,2023/09/08,10:17:04,Asa Sul
73,24.00,40.00,2023/09/08,10:22:04,Asa Sul
58,26.00,36.00,2023/09/08,11:26:29,Jardins Mangueiral
59,26.00,36.00,2023/09/08,11:31:29,Jardins Mangueiral
60,27.00,36.00,2023/09/08,11:36:29,Jardins Mangueiral
61,27.00,35.00,2023/09/08,11:41:29,Jardins Mangueiral
61,27.00,34.00,2023/09/08,11:46:29,Jardins Mangueiral
63,27.00,34.00,2023/09/08,11:51:29,Jardins Mangueiral
63,27.00,34.00,2023/09/08,11:56:29,Jardins Mangueiral
63,27.00,33.00,2023/09/08,12:01:29,Jardins Mangueiral
63,27.00,32.00,2023/09/08,12:06:29,Jardins Mangueiral
63,27.00,31.00,2023/09/08,12:11:29,Jardins Mangueiral
62,27.00,31.00,2023/09/08,12:16:29,Jardins Mangueiral
62,27.00,30.00,2023/09/08,12:21:29,Jardins Mangueiral
63,27.00,27.00,2023/09/08,12:26:29,Jardins Mangueiral
62,28.00,27.00,2023/09/08,12:31:29,Jardins Mangueiral
61,28.00,27.00,2023/09/08,12:36:29,Jardins Mangueiral
62,28.00,27.00,2023/09/08,12:41:29,Jardins Mangueiral
61,28.00,26.00,2023/09/08,12:46:29,Jardins Mangueiral
62,28.00,26.00,2023/09/08,12:51:29,Jardins Mangueiral
61,28.00,24.00,2023/09/08,12:56:29,Jardins Mangueiral
76,28.00,26.00,2023/09/08,13:01:29,Jardins Mangueiral
69,28.00,26.00,2023/09/08,13:06:29,Jardins Mangueiral
61,28.00,24.00,2023/09/08,13:11:29,Jardins Mangueiral
61,28.00,24.00,2023/09/08,13:16:29,Jardins Mangueiral
64,28.00,21.00,2023/09/08,13:21:29,Jardins Mangueiral
70,28.00,21.00,2023/09/08,13:26:29,Jardins Mangueiral
70,28.00,22.00,2023/09/08,13:31:29,Jardins Mangueiral
70,28.00,23.00,2023/09/08,13:36:29,Jardins Mangueiral
69,28.00,22.00,2023/09/08,13:41:29,Jardins Mangueiral
70,28.00,22.00,2023/09/08,13:46:29,Jardins Mangueiral
70,28.00,22.00,2023/09/08,13:51:29,Jardins Mangueiral
70,28.00,22.00,2023/09/08,13:56:29,Jardins Mangueiral
70,28.00,21.00,2023/09/08,14:01:29,Jardins Mangueiral
71,29.00,23.00,2023/09/08,14:06:29,Jardins Mangueiral
70,29.00,22.00,2023/09/08,14:11:29,Jardins Mangueiral
73,29.00,20.00,2023/09/08,14:16:29,Jardins Mangueiral
73,29.00,20.00,2023/09/08,14:21:29,Jardins Mangueiral
73,29.00,20.00,2023/09/08,14:26:29,Jardins Mangueiral
73,29.00,20.00,2023/09/08,14:31:29,Jardins Mangueiral
72,29.00,20.00,2023/09/08,14:36:29,Jardins Mangueiral
72,29.00,20.00,2023/09/08,14:41:29,Jardins Mangueiral
73,29.00,20.00,2023/09/08,14:46:29,Jardins Mangueiral
72,29.00,20.00,2023/09/08,14:51:29,Jardins Mangueiral
72,29.00,20.00,2023/09/08,14:56:29,Jardins Mangueiral
72,29.00,20.00,2023/09/08,15:01:29,Jardins Mangueiral
73,29.00,20.00,2023/09/08,15:06:29,Jardins Mangueiral
71,29.00,20.00,2023/09/08,15:11:29,Jardins Mangueiral
69,29.00,20.00,2023/09/08,15:16:29,Jardins Mangueiral
68,29.00,20.00,2023/09/08,15:21:29,Jardins Mangueiral
67,29.00,20.00,2023/09/08,15:26:29,Jardins Mangueiral
67,29.00,20.00,2023/09/08,15:31:29,Jardins Mangueiral
67,29.00,21.00,2023/09/08,15:36:29,Jardins Mangueiral
57,29.00,22.00,2023/09/08,15:41:29,Jardins Mangueiral
56,29.00,22.00,2023/09/08,15:46:29,Jardins Mangueiral
56,29.00,22.00,2023/09/08,15:51:29,Jardins Mangueiral
56,29.00,22.00,2023/09/08,15:56:29,Jardins Mangueiral
57,29.00,21.00,2023/09/08,16:01:29,Jardins Mangueiral
57,29.00,21.00,2023/09/08,16:06:29,Jardins Mangueiral
57,29.00,21.00,2023/09/08,16:11:29,Jardins Mangueiral
56,29.00,20.00,2023/09/08,16:16:29,Jardins Mangueiral
57,29.00,21.00,2023/09/08,16:21:29,Jardins Mangueiral
57,29.00,20.00,2023/09/08,16:26:29,Jardins Mangueiral
57,29.00,21.00,2023/09/08,16:31:29,Jardins Mangueiral
56,29.00,20.00,2023/09/08,16:36:29,Jardins Mangueiral
56,29.00,20.00,2023/09/08,16:41:29,Jardins Mangueiral
56,29.00,20.00,2023/09/08,16:46:29,Jardins Mangueiral
56,29.00,20.00,2023/09/08,16:51:29,Jardins Mangueiral
74,29.00,20.00,2023/09/08,16:56:29,Jardins Mangueiral
91,29.00,20.00,2023/09/08,17:01:29,Jardins Mangueiral
88,29.00,20.00,2023/09/08,17:06:29,Jardins Mangueiral
93,29.00,20.00,2023/09/08,17:11:29,Jardins Mangueiral
85,29.00,20.00,2023/09/08,17:26:35,Jardins Mangueiral
86,29.00,20.00,2023/09/08,17:31:35,Jardins Mangueiral
85,29.00,20.00,2023/09/08,17:36:35,Jardins Mangueiral
87,29.00,20.00,2023/09/08,17:41:35,Jardins Mangueiral
88,30.00,20.00,2023/09/08,17:46:35,Jardins Mangueiral
85,29.00,20.00,2023/09/08,18:05:16,Jardins Mangueiral
84,29.00,20.00,2023/09/08,18:10:16,Jardins Mangueiral
81,29.00,20.00,2023/09/08,18:15:16,Jardins Mangueiral
81,29.00,20.00,2023/09/08,18:20:16,Jardins Mangueiral
81,29.00,20.00,2023/09/08,18:25:16,Jardins Mangueiral
81,28.00,20.00,2023/09/08,18:30:16,Jardins Mangueiral
81,28.00,20.00,2023/09/08,18:35:16,Jardins Mangueiral
81,29.00,22.00,2023/09/08,18:40:16,Jardins Mangueiral
80,29.00,21.00,2023/09/08,18:45:16,Jardins Mangueiral
82,29.00,21.00,2023/09/08,18:50:16,Jardins Mangueiral
81,28.00,21.00,2023/09/08,18:55:16,Jardins Mangueiral
81,28.00,21.00,2023/09/08,19:00:16,Jardins Mangueiral
81,28.00,21.00,2023/09/08,19:05:16,Jardins Mangueiral
81,28.00,21.00,2023/09/08,19:10:16,Jardins Mangueiral
81,28.00,21.00,2023/09/08,19:15:16,Jardins Mangueiral
80,28.00,22.00,2023/09/08,19:20:16,Jardins Mangueiral
80,28.00,22.00,2023/09/08,19:25:16,Jardins Mangueiral
80,28.00,22.00,2023/09/08,19:30:16,Jardins Mangueiral
81,28.00,23.00,2023/09/08,19:35:16,Jardins Mangueiral
80,28.00,23.00,2023/09/08,19:40:16,Jardins Mangueiral
81,28.00,23.00,2023/09/08,19:45:16,Jardins Mangueiral
82,27.00,23.00,2023/09/08,19:50:16,Jardins Mangueiral
81,27.00,23.00,2023/09/08,19:55:16,Jardins Mangueiral
81,27.00,23.00,2023/09/08,20:00:16,Jardins Mangueiral
81,27.00,23.00,2023/09/08,20:05:16,Jardins Mangueiral
81,27.00,23.00,2023/09/08,20:10:16,Jardins Mangueiral
81,27.00,24.00,2023/09/08,20:15:16,Jardins Mangueiral
81,27.00,24.00,2023/09/08,20:20:16,Jardins Mangueiral
80,27.00,24.00,2023/09/08,20:25:16,Jardins Mangueiral
80,27.00,23.00,2023/09/08,20:30:16,Jardins Mangueiral
81,27.00,23.00,2023/09/08,20:35:16,Jardins Mangueiral
81,27.00,24.00,2023/09/08,20:40:16,Jardins Mangueiral
81,27.00,23.00,2023/09/08,20:45:16,Jardins Mangueiral
81,27.00,24.00,2023/09/08,20:50:16,Jardins Mangueiral
81,27.00,24.00,2023/09/08,20:55:16,Jardins Mangueiral
82,27.00,24.00,2023/09/08,21:00:16,Jardins Mangueiral
83,27.00,24.00,2023/09/08,21:05:16,Jardins Mangueiral
82,27.00,24.00,2023/09/08,21:10:16,Jardins Mangueiral
82,27.00,24.00,2023/09/08,21:15:16,Jardins Mangueiral
82,27.00,24.00,2023/09/08,21:20:16,Jardins Mangueiral
82,27.00,24.00,2023/09/08,21:25:16,Jardins Mangueiral
83,27.00,24.00,2023/09/08,21:30:16,Jardins Mangueiral
83,27.00,23.00,2023/09/08,21:35:16,Jardins Mangueiral
83,27.00,23.00,2023/09/08,21:40:16,Jardins Mangueiral
84,27.00,23.00,2023/09/08,21:45:16,Jardins Mangueiral
83,27.00,22.00,2023/09/08,21:50:16,Jardins Mangueiral
82,27.00,23.00,2023/09/08,21:55:16,Jardins Mangueiral
83,27.00,23.00,2023/09/08,22:00:16,Jardins Mangueiral
82,27.00,23.00,2023/09/08,22:05:16,Jardins Mangueiral
83,27.00,23.00,2023/09/08,22:10:16,Jardins Mangueiral
84,27.00,23.00,2023/09/08,22:15:16,Jardins Mangueiral
84,27.00,23.00,2023/09/08,22:20:16,Jardins Mangueiral
84,27.00,23.00,2023/09/08,22:25:16,Jardins Mangueiral
80,27.00,23.00,2023/09/08,22:30:16,Jardins Mangueiral
78,27.00,23.00,2023/09/08,22:35:16,Jardins Mangueiral
78,28.00,22.00,2023/09/08,22:40:16,Jardins Mangueiral
77,27.00,22.00,2023/09/08,22:45:16,Jardins Mangueiral
77,27.00,22.00,2023/09/08,22:50:16,Jardins Mangueiral
77,27.00,22.00,2023/09/08,22:55:16,Jardins Mangueiral
77,27.00,22.00,2023/09/08,23:00:16,Jardins Mangueiral
77,27.00,22.00,2023/09/08,23:05:16,Jardins Mangueiral
76,27.00,22.00,2023/09/08,23:10:16,Jardins Mangueiral
76,27.00,22.00,2023/09/08,23:15:16,Jardins Mangueiral
76,27.00,22.00,2023/09/08,23:20:16,Jardins Mangueiral
76,27.00,23.00,2023/09/08,23:25:16,Jardins Mangueiral
76,27.00,23.00,2023/09/08,23:30:16,Jardins Mangueiral
76,27.00,22.00,2023/09/08,23:35:16,Jardins Mangueiral
76,27.00,22.00,2023/09/08,23:40:16,Jardins Mangueiral
76,27.00,22.00,2023/09/08,23:45:16,Jardins Mangueiral
76,27.00,22.00,2023/09/08,23:50:16,Jardins Mangueiral
77,27.00,22.00,2023/09/08,23:55:16,Jardins Mangueiral
76,27.00,22.00,2023/09/09,00:00:16,Jardins Mangueiral
76,27.00,22.00,2023/09/09,00:05:16,Jardins Mangueiral
76,27.00,22.00,2023/09/09,00:10:16,Jardins Mangueiral
76,27.00,22.00,2023/09/09,00:15:16,Jardins Mangueiral
76,27.00,22.00,2023/09/09,00:20:16,Jardins Mangueiral
76,27.00,22.00,2023/09/09,00:25:16,Jardins Mangueiral
76,27.00,22.00,2023/09/09,00:30:16,Jardins Mangueiral
76,27.00,22.00,2023/09/09,00:35:16,Jardins Mangueiral
76,27.00,22.00,2023/09/09,00:40:16,Jardins Mangueiral
76,27.00,22.00,2023/09/09,00:45:16,Jardins Mangueiral
75,27.00,22.00,2023/09/09,00:50:16,Jardins Mangueiral
76,27.00,22.00,2023/09/09,00:55:16,Jardins Mangueiral
75,27.00,22.00,2023/09/09,01:00:16,Jardins Mangueiral
75,27.00,22.00,2023/09/09,01:05:16,Jardins Mangueiral
76,27.00,21.00,2023/09/09,01:10:16,Jardins Mangueiral
75,27.00,21.00,2023/09/09,01:15:16,Jardins Mangueiral
75,27.00,21.00,2023/09/09,01:20:16,Jardins Mangueiral
75,27.00,21.00,2023/09/09,01:25:16,Jardins Mangueiral
75,27.00,21.00,2023/09/09,01:30:16,Jardins Mangueiral
75,27.00,21.00,2023/09/09,01:35:16,Jardins Mangueiral
75,27.00,22.00,2023/09/09,01:40:16,Jardins Mangueiral
75,26.00,21.00,2023/09/09,01:45:16,Jardins Mangueiral
75,27.00,21.00,2023/09/09,01:50:16,Jardins Mangueiral
75,27.00,22.00,2023/09/09,01:55:16,Jardins Mangueiral
75,27.00,22.00,2023/09/09,02:00:16,Jardins Mangueiral
74,27.00,22.00,2023/09/09,02:05:16,Jardins Mangueiral
75,27.00,22.00,2023/09/09,02:10:16,Jardins Mangueiral
75,27.00,22.00,2023/09/09,02:15:16,Jardins Mangueiral
75,26.00,21.00,2023/09/09,02:20:16,Jardins Mangueiral
75,26.00,21.00,2023/09/09,02:25:16,Jardins Mangueiral
75,26.00,21.00,2023/09/09,02:30:16,Jardins Mangueiral
75,26.00,21.00,2023/09/09,02:35:16,Jardins Mangueiral
75,26.00,21.00,2023/09/09,02:40:16,Jardins Mangueiral
75,27.00,22.00,2023/09/09,02:45:16,Jardins Mangueiral
75,26.00,21.00,2023/09/09,02:50:16,Jardins Mangueiral
74,26.00,22.00,2023/09/09,02:55:16,Jardins Mangueiral
75,26.00,21.00,2023/09/09,03:00:16,Jardins Mangueiral
75,26.00,21.00,2023/09/09,03:05:16,Jardins Mangueiral
75,26.00,22.00,2023/09/09,03:10:16,Jardins Mangueiral
75,26.00,22.00,2023/09/09,03:15:16,Jardins Mangueiral
74,26.00,22.00,2023/09/09,03:20:16,Jardins Mangueiral
74,26.00,22.00,2023/09/09,03:25:16,Jardins Mangueiral
75,26.00,22.00,2023/09/09,03:30:16,Jardins Mangueiral
74,26.00,22.00,2023/09/09,03:35:17,Jardins Mangueiral
74,26.00,22.00,2023/09/09,03:40:16,Jardins Mangueiral
75,26.00,22.00,2023/09/09,03:45:16,Jardins Mangueiral
75,26.00,22.00,2023/09/09,03:50:16,Jardins Mangueiral
74,26.00,22.00,2023/09/09,03:55:17,Jardins Mangueiral
74,26.00,22.00,2023/09/09,04:00:17,Jardins Mangueiral
74,26.00,22.00,2023/09/09,04:05:16,Jardins Mangueiral
75,26.00,22.00,2023/09/09,04:10:16,Jardins Mangueiral
74,26.00,22.00,2023/09/09,04:15:16,Jardins Mangueiral
74,26.00,23.00,2023/09/09,04:20:17,Jardins Mangueiral
74,26.00,23.00,2023/09/09,04:25:17,Jardins Mangueiral
75,26.00,23.00,2023/09/09,04:30:16,Jardins Mangueiral
75,26.00,23.00,2023/09/09,04:35:16,Jardins Mangueiral
74,26.00,23.00,2023/09/09,04:40:17,Jardins Mangueiral
74,26.00,23.00,2023/09/09,04:45:17,Jardins Mangueiral
74,26.00,23.00,2023/09/09,04:50:17,Jardins Mangueiral
75,26.00,23.00,2023/09/09,04:55:16,Jardins Mangueiral
74,26.00,23.00,2023/09/09,05:00:17,Jardins Mangueiral
74,26.00,23.00,2023/09/09,05:05:17,Jardins Mangueiral
74,26.00,23.00,2023/09/09,05:10:17,Jardins Mangueiral
74,26.00,23.00,2023/09/09,05:15:17,Jardins Mangueiral
74,26.00,24.00,2023/09/09,05:20:16,Jardins Mangueiral
74,25.00,24.00,2023/09/09,05:25:17,Jardins Mangueiral
74,25.00,24.00,2023/09/09,05:30:17,Jardins Mangueiral
73,25.00,25.00,2023/09/09,05:35:17,Jardins Mangueiral
74,25.00,25.00,2023/09/09,05:40:17,Jardins Mangueiral
75,25.00,25.00,2023/09/09,05:45:17,Jardins Mangueiral
74,25.00,25.00,2023/09/09,05:50:17,Jardins Mangueiral
74,25.00,25.00,2023/09/09,05:55:17,Jardins Mangueiral
74,25.00,25.00,2023/09/09,06:00:17,Jardins Mangueiral
74,25.00,25.00,2023/09/09,06:05:17,Jardins Mangueiral
74,25.00,25.00,2023/09/09,06:10:17,Jardins Mangueiral
74,26.00,25.00,2023/09/09,06:15:17,Jardins Mangueiral
74,25.00,25.00,2023/09/09,06:20:17,Jardins Mangueiral
74,25.00,25.00,2023/09/09,06:25:17,Jardins Mangueiral
74,25.00,26.00,2023/09/09,06:30:17,Jardins Mangueiral
74,25.00,26.00,2023/09/09,06:35:17,Jardins Mangueiral
74,25.00,26.00,2023/09/09,06:40:17,Jardins Mangueiral
74,25.00,26.00,2023/09/09,06:45:17,Jardins Mangueiral
74,25.00,26.00,2023/09/09,06:50:17,Jardins Mangueiral
74,25.00,26.00,2023/09/09,06:55:17,Jardins Mangueiral
74,25.00,27.00,2023/09/09,07:00:17,Jardins Mangueiral
74,25.00,27.00,2023/09/09,07:05:17,Jardins Mangueiral
73,25.00,27.00,2023/09/09,07:10:17,Jardins Mangueiral
74,25.00,27.00,2023/09/09,07:15:17,Jardins Mangueiral
74,25.00,27.00,2023/09/09,07:20:17,Jardins Mangueiral
74,26.00,27.00,2023/09/09,07:25:17,Jardins Mangueiral
74,25.00,27.00,2023/09/09,07:30:17,Jardins Mangueiral
74,26.00,27.00,2023/09/09,07:35:17,Jardins Mangueiral
74,26.00,27.00,2023/09/09,07:40:17,Jardins Mangueiral
74,26.00,27.00,2023/09/09,07:45:17,Jardins Mangueiral
74,25.00,27.00,2023/09/09,07:50:17,Jardins Mangueiral
74,26.00,27.00,2023/09/09,07:55:17,Jardins Mangueiral
74,26.00,27.00,2023/09/09,08:00:17,Jardins Mangueiral
74,25.00,27.00,2023/09/09,08:05:17,Jardins Mangueiral
74,25.00,27.00,2023/09/09,08:10:17,Jardins Mangueiral
74,25.00,27.00,2023/09/09,08:15:17,Jardins Mangueiral
74,25.00,28.00,2023/09/09,08:20:17,Jardins Mangueiral
74,25.00,28.00,2023/09/09,08:25:17,Jardins Mangueiral
87,26.00,28.00,2023/09/09,08:27:20,Jardins Mangueiral
83,26.00,27.00,2023/09/09,08:32:20,Jardins Mangueiral
86,26.00,27.00,2023/09/09,08:37:20,Jardins Mangueiral
81,26.00,27.00,2023/09/09,08:42:20,Jardins Mangueiral
82,26.00,27.00,2023/09/09,08:47:20,Jardins Mangueiral
82,26.00,27.00,2023/09/09,08:52:20,Jardins Mangueiral
82,26.00,27.00,2023/09/09,08:57:20,Jardins Mangueiral
82,26.00,28.00,2023/09/09,09:02:20,Jardins Mangueiral
82,26.00,28.00,2023/09/09,09:07:20,Jardins Mangueiral
82,25.00,29.00,2023/09/09,09:12:20,Jardins Mangueiral
82,26.00,29.00,2023/09/09,09:17:20,Jardins Mangueiral
82,26.00,29.00,2023/09/09,09:22:20,Jardins Mangueiral
82,26.00,29.00,2023/09/09,09:27:20,Jardins Mangueiral
83,26.00,29.00,2023/09/09,09:32:20,Jardins Mangueiral
84,26.00,29.00,2023/09/09,09:37:20,Jardins Mangueiral
85,26.00,29.00,2023/09/09,09:42:20,Jardins Mangueiral
85,26.00,29.00,2023/09/09,09:47:20,Jardins Mangueiral
85,26.00,29.00,2023/09/09,09:52:20,Jardins Mangueiral
85,26.00,28.00,2023/09/09,09:57:20,Jardins Mangueiral
32,28.00,24.00,2023/09/09,11:14:09,Tororó
32,28.00,25.00,2023/09/09,11:19:09,Tororó
31,28.00,26.00,2023/09/09,11:24:09,Tororó
31,27.00,26.00,2023/09/09,11:29:09,Tororó
31,28.00,25.00,2023/09/09,11:34:09,Tororó
31,27.00,25.00,2023/09/09,11:39:09,Tororó
31,28.00,25.00,2023/09/09,11:44:09,Tororó
31,28.00,25.00,2023/09/09,11:49:09,Tororó
31,28.00,26.00,2023/09/09,11:54:09,Tororó
40,33.00,20.00,2023/09/09,11:59:09,Tororó
33,33.00,20.00,2023/09/09,12:04:09,Tororó
34,33.00,20.00,2023/09/09,12:09:09,Tororó
32,32.00,20.00,2023/09/09,12:14:09,Tororó
30,32.00,20.00,2023/09/09,12:19:09,Tororó
30,31.00,20.00,2023/09/09,12:24:09,Tororó
35,32.00,20.00,2023/09/09,12:29:09,Tororó
65,29.00,21.00,2023/09/09,13:15:49,Jardins Mangueiral
66,29.00,20.00,2023/09/09,13:20:49,Jardins Mangueiral
65,29.00,20.00,2023/09/09,13:25:49,Jardins Mangueiral
65,29.00,20.00,2023/09/09,13:30:49,Jardins Mangueiral
65,29.00,20.00,2023/09/09,13:35:49,Jardins Mangueiral
65,29.00,20.00,2023/09/09,13:40:49,Jardins Mangueiral
65,29.00,20.00,2023/09/09,13:45:49,Jardins Mangueiral
64,29.00,20.00,2023/09/09,13:50:49,Jardins Mangueiral
64,29.00,20.00,2023/09/09,13:55:49,Jardins Mangueiral
65,29.00,20.00,2023/09/09,14:00:49,Jardins Mangueiral
67,29.00,20.00,2023/09/09,14:05:49,Jardins Mangueiral
64,29.00,20.00,2023/09/09,14:10:49,Jardins Mangueiral
64,29.00,20.00,2023/09/09,14:15:49,Jardins Mangueiral
64,29.00,20.00,2023/09/09,14:20:49,Jardins Mangueiral
64,30.00,21.00,2023/09/09,14:25:49,Jardins Mangueiral
64,30.00,21.00,2023/09/09,14:30:49,Jardins Mangueiral
65,30.00,21.00,2023/09/09,14:35:49,Jardins Mangueiral
64,30.00,21.00,2023/09/09,14:40:49,Jardins Mangueiral
64,30.00,21.00,2023/09/09,14:45:49,Jardins Mangueiral
64,30.00,21.00,2023/09/09,14:50:49,Jardins Mangueiral
64,30.00,21.00,2023/09/09,14:55:49,Jardins Mangueiral
63,30.00,21.00,2023/09/09,15:00:49,Jardins Mangueiral
63,30.00,21.00,2023/09/09,15:05:49,Jardins Mangueiral
63,30.00,21.00,2023/09/09,15:10:49,Jardins Mangueiral
63,30.00,21.00,2023/09/09,15:15:49,Jardins Mangueiral
63,30.00,21.00,2023/09/09,15:20:49,Jardins Mangueiral
63,30.00,21.00,2023/09/09,15:25:49,Jardins Mangueiral
62,30.00,21.00,2023/09/09,15:30:49,Jardins Mangueiral
62,30.00,20.00,2023/09/09,15:35:49,Jardins Mangueiral
62,30.00,20.00,2023/09/09,15:40:49,Jardins Mangueiral
62,30.00,20.00,2023/09/09,15:45:49,Jardins Mangueiral
62,30.00,21.00,2023/09/09,15:50:49,Jardins Mangueiral
62,30.00,21.00,2023/09/09,15:55:49,Jardins Mangueiral
61,30.00,20.00,2023/09/09,16:00:49,Jardins Mangueiral
61,30.00,20.00,2023/09/09,16:05:49,Jardins Mangueiral
61,30.00,21.00,2023/09/09,16:10:49,Jardins Mangueiral
61,30.00,21.00,2023/09/09,16:15:49,Jardins Mangueiral
61,31.00,20.00,2023/09/09,16:20:49,Jardins Mangueiral
61,31.00,20.00,2023/09/09,16:25:49,Jardins Mangueiral
61,31.00,20.00,2023/09/09,16:30:49,Jardins Mangueiral
61,31.00,20.00,2023/09/09,16:35:49,Jardins Mangueiral
61,30.00,21.00,2023/09/09,16:40:49,Jardins Mangueiral
61,31.00,20.00,2023/09/09,16:45:49,Jardins Mangueiral
61,31.00,20.00,2023/09/09,16:50:49,Jardins Mangueiral
61,31.00,20.00,2023/09/09,16:55:49,Jardins Mangueiral
62,31.00,20.00,2023/09/09,17:00:49,Jardins Mangueiral
62,31.00,20.00,2023/09/09,17:05:49,Jardins Mangueiral
61,31.00,20.00,2023/09/09,17:10:49,Jardins Mangueiral
61,31.00,20.00,2023/09/09,17:15:49,Jardins Mangueiral
62,31.00,20.00,2023/09/09,17:20:49,Jardins Mangueiral
62,31.00,20.00,2023/09/09,17:25:49,Jardins Mangueiral
61,31.00,20.00,2023/09/09,17:30:49,Jardins Mangueiral
61,31.00,20.00,2023/09/09,17:35:49,Jardins Mangueiral
62,31.00,21.00,2023/09/09,17:40:49,Jardins Mangueiral
84,31.00,21.00,2023/09/09,17:45:17,Jardins Mangueiral
84,30.00,21.00,2023/09/09,18:15:17,Jardins Mangueiral
85,30.00,21.00,2023/09/09,18:45:17,Jardins Mangueiral
85,29.00,20.00,2023/09/09,19:15:17,Jardins Mangueiral
86,29.00,20.00,2023/09/09,19:45:18,Jardins Mangueiral
86,29.00,20.00,2023/09/09,19:50:17,Jardins Mangueiral
86,29.00,20.00,2023/09/09,20:20:18,Jardins Mangueiral
86,29.00,20.00,2023/09/09,20:50:18,Jardins Mangueiral
86,28.00,20.00,2023/09/09,21:20:18,Jardins Mangueiral
87,28.00,20.00,2023/09/09,21:50:18,Jardins Mangueiral
87,28.00,20.00,2023/09/09,21:55:18,Jardins Mangueiral
88,29.00,20.00,2023/09/09,22:25:18,Jardins Mangueiral
89,29.00,21.00,2023/09/09,22:55:18,Jardins Mangueiral
90,29.00,22.00,2023/09/09,23:25:18,Jardins Mangueiral
90,29.00,25.00,2023/09/09,23:55:18,Jardins Mangueiral
91,29.00,26.00,2023/09/10,00:00:18,Jardins Mangueiral
91,29.00,27.00,2023/09/10,00:30:18,Jardins Mangueiral
92,29.00,27.00,2023/09/10,01:00:18,Jardins Mangueiral
93,28.00,28.00,2023/09/10,01:30:18,Jardins Mangueiral
94,28.00,28.00,2023/09/10,02:00:18,Jardins Mangueiral
94,28.00,27.00,2023/09/10,02:05:18,Jardins Mangueiral
94,28.00,28.00,2023/09/10,02:35:18,Jardins Mangueiral
95,28.00,28.00,2023/09/10,03:05:18,Jardins Mangueiral
94,28.00,27.00,2023/09/10,03:35:18,Jardins Mangueiral
93,27.00,27.00,2023/09/10,04:05:18,Jardins Mangueiral
93,27.00,27.00,2023/09/10,04:10:18,Jardins Mangueiral
92,27.00,26.00,2023/09/10,04:40:18,Jardins Mangueiral
92,27.00,26.00,2023/09/10,05:10:18,Jardins Mangueiral
92,27.00,25.00,2023/09/10,05:40:18,Jardins Mangueiral
90,26.00,22.00,2023/09/10,06:10:18,Jardins Mangueiral
89,26.00,22.00,2023/09/10,06:15:18,Jardins Mangueiral
87,26.00,22.00,2023/09/10,06:45:18,Jardins Mangueiral
87,26.00,22.00,2023/09/10,07:15:18,Jardins Mangueiral
88,24.00,23.00,2023/09/10,07:45:18,Jardins Mangueiral
86,25.00,24.00,2023/09/10,08:15:18,Jardins Mangueiral
100,25.00,24.00,2023/09/10,08:20:18,Jardins Mangueiral
102,25.00,25.00,2023/09/10,08:50:18,Jardins Mangueiral
102,26.00,23.00,2023/09/10,09:20:18,Jardins Mangueiral
105,26.00,22.00,2023/09/10,09:50:18,Jardins Mangueiral
104,27.00,21.00,2023/09/10,10:20:18,Jardins Mangueiral
104,27.00,21.00,2023/09/10,10:25:18,Jardins Mangueiral
116,27.00,20.00,2023/09/10,10:55:18,Jardins Mangueiral
114,28.00,20.00,2023/09/10,11:25:18,Jardins Mangueiral
114,28.00,20.00,2023/09/10,11:55:18,Jardins Mangueiral
119,29.00,20.00,2023/09/10,12:25:19,Jardins Mangueiral
118,29.00,20.00,2023/09/10,12:30:18,Jardins Mangueiral
118,29.00,20.00,2023/09/10,13:00:18,Jardins Mangueiral
84,29.00,20.00,2023/09/10,13:16:59,Jardins Mangueiral
93,30.00,20.00,2023/09/10,13:46:59,Jardins Mangueiral
92,30.00,20.00,2023/09/10,14:16:59,Jardins Mangueiral
92,31.00,20.00,2023/09/10,14:46:59,Jardins Mangueiral
92,31.00,20.00,2023/09/10,15:16:59,Jardins Mangueiral
92,31.00,20.00,2023/09/10,15:46:59,Jardins Mangueiral
92,31.00,20.00,2023/09/10,16:16:59,Jardins Mangueiral
92,31.00,20.00,2023/09/10,16:46:59,Jardins Mangueiral
92,31.00,20.00,2023/09/10,17:16:59,Jardins Mangueiral
91,31.00,20.00,2023/09/10,17:46:59,Jardins Mangueiral
92,30.00,20.00,2023/09/10,18:16:59,Jardins Mangueiral
92,30.00,20.00,2023/09/10,18:46:59,Jardins Mangueiral
94,30.00,20.00,2023/09/10,19:16:59,Jardins Mangueiral
95,30.00,20.00,2023/09/10,19:46:59,Jardins Mangueiral
99,30.00,21.00,2023/09/10,20:16:59,Jardins Mangueiral
98,29.00,20.00,2023/09/10,20:46:59,Jardins Mangueiral
97,29.00,20.00,2023/09/10,21:16:59,Jardins Mangueiral
100,29.00,20.00,2023/09/10,21:46:59,Jardins Mangueiral
102,29.00,20.00,2023/09/10,22:16:59,Jardins Mangueiral
100,29.00,20.00,2023/09/10,22:46:59,Jardins Mangueiral
99,29.00,20.00,2023/09/10,23:16:59,Jardins Mangueiral
99,29.00,20.00,2023/09/10,23:46:59,Jardins Mangueiral
99,29.00,20.00,2023/09/11,00:16:59,Jardins Mangueiral
99,29.00,20.00,2023/09/11,00:46:59,Jardins Mangueiral
99,29.00,20.00,2023/09/11,01:16:59,Jardins Mangueiral
99,29.00,20.00,2023/09/11,01:46:59,Jardins Mangueiral
99,29.00,20.00,2023/09/11,02:16:59,Jardins Mangueiral
99,28.00,20.00,2023/09/11,02:46:59,Jardins Mangueiral
99,28.00,20.00,2023/09/11,03:16:59,Jardins Mangueiral
99,28.00,20.00,2023/09/11,03:46:59,Jardins Mangueiral
98,28.00,20.00,2023/09/11,04:16:59,Jardins Mangueiral
98,28.00,20.00,2023/09/11,04:46:59,Jardins Mangueiral
98,27.00,20.00,2023/09/11,05:16:59,Jardins Mangueiral
98,27.00,20.00,2023/09/11,05:46:59,Jardins Mangueiral
103,26.00,22.00,2023/09/11,06:17:00,Jardins Mangueiral
52,25.00,26.00,2023/09/11,08:20:11,Asa Sul
50,24.00,27.00,2023/09/11,08:25:11,Asa Sul
49,24.00,25.00,2023/09/11,08:30:11,Asa Sul
52,24.00,29.00,2023/09/11,08:35:11,Asa Sul
54,23.00,29.00,2023/09/11,08:40:11,Asa Sul
55,23.00,26.00,2023/09/11,08:45:11,Asa Sul
54,24.00,29.00,2023/09/11,08:50:11,Asa Sul
50,23.00,28.00,2023/09/11,08:55:11,Asa Sul
51,23.00,27.00,2023/09/11,09:00:11,Asa Sul
51,24.00,28.00,2023/09/11,09:05:11,Asa Sul
51,23.00,30.00,2023/09/11,09:10:11,Asa Sul
51,23.00,28.00,2023/09/11,09:15:11,Asa Sul
50,23.00,26.00,2023/09/11,09:20:11,Asa Sul
50,23.00,29.00,2023/09/11,09:25:11,Asa Sul
50,23.00,28.00,2023/09/11,09:30:11,Asa Sul
49,23.00,28.00,2023/09/11,09:35:11,Asa Sul
49,24.00,31.00,2023/09/11,09:40:11,Asa Sul
51,23.00,29.00,2023/09/11,09:45:11,Asa Sul
50,24.00,27.00,2023/09/11,09:50:11,Asa Sul
51,24.00,30.00,2023/09/11,09:55:11,Asa Sul
52,23.00,29.00,2023/09/11,10:00:11,Asa Sul
57,24.00,29.00,2023/09/11,10:05:11,Asa Sul
57,24.00,28.00,2023/09/11,10:10:11,Asa Sul
57,24.00,28.00,2023/09/11,10:15:11,Asa Sul
57,24.00,30.00,2023/09/11,10:20:11,Asa Sul
56,24.00,30.00,2023/09/11,10:25:11,Asa Sul
56,24.00,28.00,2023/09/11,10:30:11,Asa Sul
55,24.00,30.00,2023/09/11,10:35:11,Asa Sul
54,24.00,28.00,2023/09/11,10:40:11,Asa Sul
115,28.00,20.00,2023/09/11,12:05:11,Jardins Mangueiral
133,29.00,20.00,2023/09/11,12:35:11,Jardins Mangueiral
137,29.00,20.00,2023/09/11,13:05:11,Jardins Mangueiral
117,29.00,20.00,2023/09/11,13:24:41,Jardins Mangueiral
125,30.00,20.00,2023/09/11,13:54:41,Jardins Mangueiral
130,30.00,20.00,2023/09/11,14:24:41,Jardins Mangueiral
119,30.00,20.00,2023/09/11,14:54:41,Jardins Mangueiral
126,31.00,20.00,2023/09/11,15:24:41,Jardins Mangueiral
131,30.00,20.00,2023/09/11,15:54:41,Jardins Mangueiral
132,31.00,20.00,2023/09/11,16:24:41,Jardins Mangueiral
137,31.00,20.00,2023/09/11,16:54:41,Jardins Mangueiral
136,31.00,20.00,2023/09/11,17:24:41,Jardins Mangueiral
137,30.00,20.00,2023/09/11,17:54:41,Jardins Mangueiral
148,30.00,20.00,2023/09/11,18:24:41,Jardins Mangueiral
160,30.00,21.00,2023/09/11,18:54:41,Jardins Mangueiral
159,30.00,21.00,2023/09/11,19:24:41,Jardins Mangueiral
187,30.00,21.00,2023/09/11,19:54:41,Jardins Mangueiral
173,29.00,20.00,2023/09/11,20:24:41,Jardins Mangueiral
166,30.00,21.00,2023/09/11,20:54:41,Jardins Mangueiral
174,29.00,20.00,2023/09/11,21:24:41,Jardins Mangueiral
169,29.00,20.00,2023/09/11,21:54:41,Jardins Mangueiral
167,30.00,21.00,2023/09/11,22:24:41,Jardins Mangueiral
167,30.00,21.00,2023/09/11,22:54:41,Jardins Mangueiral
167,30.00,21.00,2023/09/11,23:24:41,Jardins Mangueiral
166,29.00,20.00,2023/09/11,23:54:41,Jardins Mangueiral
167,29.00,20.00,2023/09/12,00:24:41,Jardins Mangueiral
167,29.00,21.00,2023/09/12,00:54:41,Jardins Mangueiral
167,29.00,20.00,2023/09/12,01:24:41,Jardins Mangueiral
167,29.00,21.00,2023/09/12,01:54:41,Jardins Mangueiral
166,29.00,21.00,2023/09/12,02:24:41,Jardins Mangueiral
166,29.00,21.00,2023/09/12,02:54:41,Jardins Mangueiral
166,29.00,21.00,2023/09/12,03:24:41,Jardins Mangueiral
166,28.00,21.00,2023/09/12,03:54:41,Jardins Mangueiral
166,28.00,22.00,2023/09/12,04:24:41,Jardins Mangueiral
164,28.00,21.00,2023/09/12,04:54:41,Jardins Mangueiral
165,28.00,21.00,2023/09/12,05:24:41,Jardins Mangueiral
168,27.00,22.00,2023/09/12,05:54:42,Jardins Mangueiral
168,27.00,21.00,2023/09/12,06:24:42,Jardins Mangueiral
89,26.00,21.00,2023/09/12,08:38:41,Asa Sul
88,26.00,21.00,2023/09/12,08:43:41,Asa Sul
87,27.00,21.00,2023/09/12,08:48:41,Asa Sul
87,26.00,21.00,2023/09/12,08:53:41,Asa Sul
85,27.00,21.00,2023/09/12,08:58:41,Asa Sul
86,27.00,20.00,2023/09/12,09:03:41,Asa Sul
88,27.00,21.00,2023/09/12,09:08:41,Asa Sul
88,27.00,20.00,2023/09/12,09:13:41,Asa Sul
84,27.00,21.00,2023/09/12,09:18:41,Asa Sul
85,26.00,20.00,2023/09/12,09:23:41,Asa Sul
86,27.00,21.00,2023/09/12,09:28:41,Asa Sul
86,27.00,21.00,2023/09/12,09:33:41,Asa Sul
86,27.00,21.00,2023/09/12,09:38:41,Asa Sul
87,27.00,20.00,2023/09/12,09:43:41,Asa Sul
88,27.00,20.00,2023/09/12,09:48:41,Asa Sul
89,27.00,20.00,2023/09/12,09:53:41,Asa Sul
90,27.00,21.00,2023/09/12,09:58:41,Asa Sul
93,27.00,20.00,2023/09/12,10:03:41,Asa Sul
93,27.00,21.00,2023/09/12,10:08:41,Asa Sul
105,27.00,23.00,2023/09/12,10:13:41,Asa Sul
104,27.00,20.00,2023/09/12,10:18:41,Asa Sul
106,27.00,23.00,2023/09/12,10:23:41,Asa Sul
100,31.00,21.00,2023/09/12,16:19:22,Jardins Mangueiral
96,31.00,20.00,2023/09/12,16:49:22,Jardins Mangueiral
96,31.00,20.00,2023/09/12,17:19:22,Jardins Mangueiral
96,31.00,20.00,2023/09/12,17:49:22,Jardins Mangueiral
116,31.00,21.00,2023/09/12,18:19:22,Jardins Mangueiral
126,30.00,21.00,2023/09/12,18:49:22,Jardins Mangueiral
107,31.00,20.00,2023/09/12,19:19:22,Jardins Mangueiral
106,30.00,21.00,2023/09/12,19:49:22,Jardins Mangueiral
141,30.00,22.00,2023/09/12,20:19:22,Jardins Mangueiral
145,30.00,22.00,2023/09/12,20:49:23,Jardins Mangueiral
172,29.00,22.00,2023/09/12,21:19:22,Jardins Mangueiral
167,29.00,23.00,2023/09/12,21:49:23,Jardins Mangueiral
170,30.00,23.00,2023/09/12,22:19:23,Jardins Mangueiral
169,30.00,23.00,2023/09/12,22:49:23,Jardins Mangueiral
168,30.00,23.00,2023/09/12,23:19:23,Jardins Mangueiral
168,30.00,24.00,2023/09/12,23:49:23,Jardins Mangueiral
160,30.00,24.00,2023/09/13,00:19:23,Jardins Mangueiral
156,29.00,23.00,2023/09/13,00:49:23,Jardins Mangueiral
156,29.00,23.00,2023/09/13,01:19:23,Jardins Mangueiral
154,29.00,23.00,2023/09/13,01:49:23,Jardins Mangueiral
156,29.00,23.00,2023/09/13,02:19:23,Jardins Mangueiral
155,29.00,22.00,2023/09/13,02:49:23,Jardins Mangueiral
157,29.00,22.00,2023/09/13,03:19:23,Jardins Mangueiral
161,29.00,23.00,2023/09/13,03:49:23,Jardins Mangueiral
159,29.00,22.00,2023/09/13,04:19:23,Jardins Mangueiral
160,28.00,23.00,2023/09/13,04:49:23,Jardins Mangueiral
154,28.00,23.00,2023/09/13,05:19:23,Jardins Mangueiral
153,28.00,23.00,2023/09/13,05:49:23,Jardins Mangueiral
154,27.00,25.00,2023/09/13,06:19:23,Jardins Mangueiral
104,24.00,38.00,2023/09/13,08:30:37,Asa Sul
111,24.00,39.00,2023/09/13,08:35:37,Asa Sul
99,24.00,38.00,2023/09/13,08:40:37,Asa Sul
106,24.00,39.00,2023/09/13,08:45:37,Asa Sul
126,24.00,38.00,2023/09/13,08:50:37,Asa Sul
122,24.00,38.00,2023/09/13,08:55:37,Asa Sul
129,24.00,38.00,2023/09/13,09:00:37,Asa Sul
121,24.00,38.00,2023/09/13,09:05:37,Asa Sul
121,24.00,37.00,2023/09/13,09:10:37,Asa Sul
91,24.00,38.00,2023/09/13,09:15:37,Asa Sul
90,24.00,38.00,2023/09/13,09:20:37,Asa Sul
95,24.00,38.00,2023/09/13,09:25:37,Asa Sul
97,24.00,37.00,2023/09/13,09:30:37,Asa Sul
103,31.00,20.00,2023/09/13,12:58:21,Jardins Mangueiral
115,32.00,20.00,2023/09/13,13:28:21,Jardins Mangueiral
115,32.00,20.00,2023/09/13,13:58:21,Jardins Mangueiral
116,32.00,20.00,2023/09/13,14:28:21,Jardins Mangueiral
119,33.00,20.00,2023/09/13,14:58:21,Jardins Mangueiral
119,33.00,20.00,2023/09/13,15:28:21,Jardins Mangueiral
119,33.00,20.00,2023/09/13,15:58:21,Jardins Mangueiral
119,33.00,20.00,2023/09/13,16:28:21,Jardins Mangueiral
119,33.00,20.00,2023/09/13,16:58:21,Jardins Mangueiral
117,33.00,20.00,2023/09/13,17:28:21,Jardins Mangueiral
120,33.00,20.00,2023/09/13,17:58:21,Jardins Mangueiral
122,33.00,20.00,2023/09/13,18:28:21,Jardins Mangueiral
118,32.00,20.00,2023/09/13,18:58:21,Jardins Mangueiral
138,32.00,20.00,2023/09/13,19:28:21,Jardins Mangueiral
138,31.00,20.00,2023/09/13,19:58:21,Jardins Mangueiral
142,31.00,21.00,2023/09/13,20:28:21,Jardins Mangueiral
142,31.00,21.00,2023/09/13,20:58:21,Jardins Mangueiral
140,31.00,21.00,2023/09/13,21:28:21,Jardins Mangueiral
142,31.00,21.00,2023/09/13,21:58:22,Jardins Mangueiral
141,31.00,21.00,2023/09/13,22:28:22,Jardins Mangueiral
143,31.00,21.00,2023/09/13,22:58:21,Jardins Mangueiral
143,31.00,21.00,2023/09/13,23:28:22,Jardins Mangueiral
143,31.00,22.00,2023/09/13,23:58:22,Jardins Mangueiral
143,31.00,22.00,2023/09/14,00:28:22,Jardins Mangueiral
142,31.00,22.00,2023/09/14,00:58:22,Jardins Mangueiral
144,31.00,23.00,2023/09/14,01:28:22,Jardins Mangueiral
142,31.00,22.00,2023/09/14,01:58:22,Jardins Mangueiral
142,30.00,23.00,2023/09/14,02:28:22,Jardins Mangueiral
141,30.00,23.00,2023/09/14,02:58:22,Jardins Mangueiral
142,30.00,23.00,2023/09/14,03:28:22,Jardins Mangueiral
143,30.00,23.00,2023/09/14,03:58:22,Jardins Mangueiral
143,30.00,23.00,2023/09/14,04:28:22,Jardins Mangueiral
143,30.00,22.00,2023/09/14,04:58:22,Jardins Mangueiral
145,30.00,23.00,2023/09/14,05:28:22,Jardins Mangueiral
143,30.00,23.00,2023/09/14,05:58:22,Jardins Mangueiral
149,27.00,35.00,2023/09/14,06:28:22,Jardins Mangueiral
148,27.00,40.00,2023/09/14,06:58:22,Jardins Mangueiral
148,27.00,40.00,2023/09/14,07:28:22,Jardins Mangueiral
147,27.00,40.00,2023/09/14,07:58:22,Jardins Mangueiral
148,27.00,39.00,2023/09/14,08:28:22,Jardins Mangueiral
158,28.00,38.00,2023/09/14,08:58:22,Jardins Mangueiral
154,28.00,37.00,2023/09/14,09:28:22,Jardins Mangueiral
153,29.00,36.00,2023/09/14,09:58:22,Jardins Mangueiral
155,29.00,35.00,2023/09/14,10:28:22,Jardins Mangueiral
157,30.00,33.00,2023/09/14,10:58:22,Jardins Mangueiral
164,30.00,30.00,2023/09/14,11:28:22,Jardins Mangueiral
160,31.00,29.00,2023/09/14,11:58:22,Jardins Mangueiral
177,31.00,28.00,2023/09/14,12:28:22,Jardins Mangueiral
167,32.00,25.00,2023/09/14,12:58:22,Jardins Mangueiral
166,32.00,23.00,2023/09/14,13:28:22,Jardins Mangueiral
122,25.00,44.00,2023/09/15,09:04:00,Asa Sul
125,25.00,44.00,2023/09/15,09:09:00,Asa Sul
125,26.00,42.00,2023/09/15,09:14:00,Asa Sul
124,26.00,41.00,2023/09/15,09:19:00,Asa Sul
123,26.00,41.00,2023/09/15,09:24:00,Asa Sul
121,26.00,40.00,2023/09/15,09:29:00,Asa Sul
118,26.00,41.00,2023/09/15,09:34:00,Asa Sul
118,26.00,42.00,2023/09/15,09:39:00,Asa Sul
131,26.00,41.00,2023/09/15,09:44:00,Asa Sul
134,25.00,41.00,2023/09/15,09:49:00,Asa Sul
135,26.00,41.00,2023/09/15,09:54:00,Asa Sul
135,26.00,41.00,2023/09/15,09:59:00,Asa Sul
136,26.00,42.00,2023/09/15,10:04:00,Asa Sul
140,26.00,42.00,2023/09/15,10:09:00,Asa Sul
140,26.00,42.00,2023/09/15,10:14:00,Asa Sul
140,26.00,42.00,2023/09/15,10:19:00,Asa Sul
139,26.00,42.00,2023/09/15,10:24:00,Asa Sul
139,26.00,42.00,2023/09/15,10:29:00,Asa Sul
140,26.00,42.00,2023/09/15,10:34:00,Asa Sul
159,26.00,42.00,2023/09/15,10:39:00,Asa Sul
121,30.00,31.00,2023/09/15,12:21:14,Jardins Mangueiral
119,30.00,30.00,2023/09/15,12:51:14,Jardins Mangueiral
119,30.00,30.00,2023/09/15,13:21:14,Jardins Mangueiral
113,30.00,29.00,2023/09/15,13:51:14,Jardins Mangueiral
121,31.00,28.00,2023/09/15,14:21:14,Jardins Mangueiral
129,31.00,27.00,2023/09/15,14:51:14,Jardins Mangueiral
127,31.00,28.00,2023/09/15,15:21:14,Jardins Mangueiral
126,31.00,30.00,2023/09/15,15:51:14,Jardins Mangueiral
126,31.00,28.00,2023/09/15,16:21:14,Jardins Mangueiral
136,31.00,31.00,2023/09/15,16:51:14,Jardins Mangueiral
134,30.00,32.00,2023/09/15,17:21:14,Jardins Mangueiral
130,30.00,30.00,2023/09/15,17:51:14,Jardins Mangueiral
138,29.00,28.00,2023/09/15,18:21:14,Jardins Mangueiral
134,29.00,31.00,2023/09/15,18:51:14,Jardins Mangueiral
134,28.00,38.00,2023/09/15,19:21:15,Jardins Mangueiral
133,28.00,38.00,2023/09/15,19:51:14,Jardins Mangueiral
133,28.00,37.00,2023/09/15,20:21:14,Jardins Mangueiral
126,28.00,36.00,2023/09/15,20:51:15,Jardins Mangueiral
124,28.00,36.00,2023/09/15,21:21:15,Jardins Mangueiral
124,28.00,36.00,2023/09/15,21:51:15,Jardins Mangueiral
124,28.00,37.00,2023/09/15,22:21:15,Jardins Mangueiral
140,29.00,35.00,2023/09/15,22:51:15,Jardins Mangueiral
137,29.00,34.00,2023/09/15,23:21:15,Jardins Mangueiral
139,29.00,35.00,2023/09/15,23:51:15,Jardins Mangueiral
138,29.00,34.00,2023/09/16,00:21:15,Jardins Mangueiral
139,29.00,34.00,2023/09/16,00:51:15,Jardins Mangueiral
138,29.00,34.00,2023/09/16,01:21:15,Jardins Mangueiral
139,29.00,36.00,2023/09/16,01:51:15,Jardins Mangueiral
138,29.00,35.00,2023/09/16,02:21:15,Jardins Mangueiral
138,28.00,35.00,2023/09/16,02:51:15,Jardins Mangueiral
138,28.00,37.00,2023/09/16,03:21:15,Jardins Mangueiral
136,28.00,37.00,2023/09/16,03:51:15,Jardins Mangueiral
137,28.00,37.00,2023/09/16,04:21:15,Jardins Mangueiral
137,28.00,36.00,2023/09/16,04:51:15,Jardins Mangueiral
136,28.00,36.00,2023/09/16,05:21:15,Jardins Mangueiral
137,28.00,36.00,2023/09/16,05:51:15,Jardins Mangueiral
138,28.00,36.00,2023/09/16,06:21:15,Jardins Mangueiral
135,27.00,36.00,2023/09/16,06:51:15,Jardins Mangueiral
135,27.00,38.00,2023/09/16,07:21:15,Jardins Mangueiral
132,26.00,40.00,2023/09/16,07:51:15,Jardins Mangueiral
133,26.00,42.00,2023/09/16,08:21:15,Jardins Mangueiral
131,25.00,44.00,2023/09/16,08:51:15,Jardins Mangueiral
131,26.00,45.00,2023/09/16,09:21:15,Jardins Mangueiral
131,26.00,46.00,2023/09/16,09:51:15,Jardins Mangueiral
130,26.00,42.00,2023/09/16,10:21:15,Jardins Mangueiral
134,27.00,42.00,2023/09/16,10:51:15,Jardins Mangueiral
132,27.00,41.00,2023/09/16,11:21:15,Jardins Mangueiral
134,28.00,38.00,2023/09/16,11:51:15,Jardins Mangueiral
133,29.00,35.00,2023/09/16,12:21:15,Jardins Mangueiral
130,29.00,29.00,2023/09/16,12:51:15,Jardins Mangueiral
143,30.00,29.00,2023/09/16,13:21:15,Jardins Mangueiral
135,30.00,27.00,2023/09/16,13:51:15,Jardins Mangueiral
133,30.00,26.00,2023/09/16,14:21:15,Jardins Mangueiral
136,30.00,29.00,2023/09/16,14:51:15,Jardins Mangueiral
114,28.00,32.00,2023/09/16,16:56:14,Sudoeste
111,28.00,31.00,2023/09/16,17:01:14,Sudoeste
111,28.00,32.00,2023/09/16,17:06:14,Sudoeste
109,28.00,32.00,2023/09/16,17:11:14,Sudoeste
109,28.00,32.00,2023/09/16,17:16:14,Sudoeste
110,28.00,32.00,2023/09/16,17:21:14,Sudoeste
111,28.00,32.00,2023/09/16,17:26:14,Sudoeste
132,28.00,32.00,2023/09/16,17:31:14,Sudoeste
129,29.00,31.00,2023/09/16,17:36:14,Sudoeste
128,29.00,30.00,2023/09/16,17:41:14,Sudoeste
130,29.00,32.00,2023/09/16,17:46:14,Sudoeste
130,29.00,31.00,2023/09/16,17:51:14,Sudoeste
129,29.00,30.00,2023/09/16,17:56:14,Sudoeste
121,29.00,30.00,2023/09/16,18:01:14,Sudoeste
120,29.00,30.00,2023/09/16,18:06:14,Sudoeste
119,29.00,29.00,2023/09/16,18:11:14,Sudoeste
120,29.00,31.00,2023/09/16,18:16:14,Sudoeste
121,29.00,31.00,2023/09/16,18:21:14,Sudoeste
121,29.00,31.00,2023/09/16,18:26:14,Sudoeste
120,29.00,31.00,2023/09/16,18:31:14,Sudoeste
125,29.00,31.00,2023/09/16,18:36:14,Sudoeste
152,29.00,33.00,2023/09/17,11:31:29,Jardins Mangueiral
143,30.00,30.00,2023/09/17,12:01:29,Jardins Mangueiral
141,30.00,30.00,2023/09/17,12:31:29,Jardins Mangueiral
141,30.00,27.00,2023/09/17,13:01:29,Jardins Mangueiral
140,31.00,25.00,2023/09/17,13:31:30,Jardins Mangueiral
140,32.00,23.00,2023/09/17,14:01:29,Jardins Mangueiral
138,32.00,22.00,2023/09/17,14:31:29,Jardins Mangueiral
138,32.00,22.00,2023/09/17,15:01:30,Jardins Mangueiral
138,32.00,21.00,2023/09/17,15:31:30,Jardins Mangueiral
138,32.00,22.00,2023/09/17,16:01:30,Jardins Mangueiral
137,33.00,20.00,2023/09/17,16:31:30,Jardins Mangueiral
138,32.00,21.00,2023/09/17,17:01:30,Jardins Mangueiral
136,32.00,20.00,2023/09/17,17:31:30,Jardins Mangueiral
137,32.00,21.00,2023/09/17,18:01:30,Jardins Mangueiral
136,31.00,21.00,2023/09/17,18:31:30,Jardins Mangueiral
137,32.00,21.00,2023/09/17,19:01:30,Jardins Mangueiral
138,31.00,22.00,2023/09/17,19:31:30,Jardins Mangueiral
136,31.00,22.00,2023/09/17,20:01:30,Jardins Mangueiral
137,30.00,24.00,2023/09/17,20:31:30,Jardins Mangueiral
138,30.00,24.00,2023/09/17,21:01:30,Jardins Mangueiral
138,30.00,25.00,2023/09/17,21:31:30,Jardins Mangueiral
132,31.00,25.00,2023/09/17,22:01:30,Jardins Mangueiral
134,31.00,26.00,2023/09/17,22:31:30,Jardins Mangueiral
132,31.00,26.00,2023/09/17,23:01:30,Jardins Mangueiral
134,31.00,27.00,2023/09/17,23:31:30,Jardins Mangueiral
133,31.00,27.00,2023/09/18,00:01:30,Jardins Mangueiral
133,31.00,27.00,2023/09/18,00:31:30,Jardins Mangueiral
133,31.00,28.00,2023/09/18,01:01:30,Jardins Mangueiral
134,30.00,28.00,2023/09/18,01:31:30,Jardins Mangueiral
135,30.00,28.00,2023/09/18,02:01:30,Jardins Mangueiral
135,30.00,28.00,2023/09/18,02:31:30,Jardins Mangueiral
134,30.00,28.00,2023/09/18,03:01:30,Jardins Mangueiral
134,30.00,28.00,2023/09/18,03:31:30,Jardins Mangueiral
134,30.00,29.00,2023/09/18,04:01:30,Jardins Mangueiral
133,29.00,29.00,2023/09/18,04:31:30,Jardins Mangueiral
133,30.00,29.00,2023/09/18,05:01:30,Jardins Mangueiral
133,29.00,30.00,2023/09/18,05:31:30,Jardins Mangueiral
132,28.00,31.00,2023/09/18,06:01:30,Jardins Mangueiral
132,28.00,33.00,2023/09/18,06:31:30,Jardins Mangueiral
97,26.00,32.00,2023/09/18,08:24:56,Asa Sul
95,27.00,32.00,2023/09/18,08:29:56,Asa Sul
104,27.00,32.00,2023/09/18,08:34:56,Asa Sul
105,27.00,32.00,2023/09/18,08:39:56,Asa Sul
97,27.00,32.00,2023/09/18,08:44:56,Asa Sul
102,27.00,33.00,2023/09/18,08:49:56,Asa Sul
101,27.00,34.00,2023/09/18,08:54:56,Asa Sul
99,27.00,33.00,2023/09/18,08:59:56,Asa Sul
101,28.00,33.00,2023/09/18,09:04:56,Asa Sul
101,28.00,34.00,2023/09/18,09:09:56,Asa Sul
102,28.00,34.00,2023/09/18,09:14:56,Asa Sul
103,28.00,34.00,2023/09/18,09:19:56,Asa Sul
105,28.00,34.00,2023/09/18,09:24:56,Asa Sul
105,28.00,35.00,2023/09/18,09:29:56,Asa Sul
104,28.00,35.00,2023/09/18,09:34:56,Asa Sul
104,28.00,35.00,2023/09/18,09:39:56,Asa Sul
104,28.00,35.00,2023/09/18,09:44:56,Asa Sul
110,28.00,35.00,2023/09/18,09:49:56,Asa Sul
106,28.00,35.00,2023/09/18,09:54:56,Asa Sul
104,28.00,35.00,2023/09/18,09:59:56,Asa Sul
103,28.00,34.00,2023/09/18,10:04:56,Asa Sul
105,28.00,35.00,2023/09/18,10:09:56,Asa Sul
106,29.00,35.00,2023/09/18,10:14:56,Asa Sul
103,28.00,35.00,2023/09/18,10:19:56,Asa Sul
112,28.00,35.00,2023/09/18,10:24:56,Asa Sul
120,29.00,35.00,2023/09/18,10:29:56,Asa Sul
118,29.00,35.00,2023/09/18,10:34:56,Asa Sul
118,29.00,36.00,2023/09/18,10:39:56,Asa Sul
172,31.00,21.00,2023/09/18,13:52:26,Jardins Mangueiral
167,31.00,21.00,2023/09/18,14:22:26,Jardins Mangueiral
169,32.00,21.00,2023/09/18,14:52:26,Jardins Mangueiral
166,32.00,20.00,2023/09/18,15:22:27,Jardins Mangueiral
177,32.00,25.00,2023/09/18,15:52:27,Jardins Mangueiral
152,32.00,20.00,2023/09/18,16:22:26,Jardins Mangueiral
148,32.00,20.00,2023/09/18,16:52:27,Jardins Mangueiral
149,32.00,21.00,2023/09/18,17:22:27,Jardins Mangueiral
144,32.00,20.00,2023/09/18,17:52:27,Jardins Mangueiral
148,33.00,20.00,2023/09/18,18:22:27,Jardins Mangueiral
149,32.00,20.00,2023/09/18,18:52:27,Jardins Mangueiral
147,32.00,20.00,2023/09/18,19:22:27,Jardins Mangueiral
146,32.00,20.00,2023/09/18,19:52:27,Jardins Mangueiral
148,31.00,21.00,2023/09/18,20:22:27,Jardins Mangueiral
160,31.00,21.00,2023/09/18,20:52:27,Jardins Mangueiral
162,31.00,22.00,2023/09/18,21:22:27,Jardins Mangueiral
161,31.00,22.00,2023/09/18,21:52:27,Jardins Mangueiral
160,31.00,24.00,2023/09/18,22:22:27,Jardins Mangueiral
157,31.00,23.00,2023/09/18,22:52:27,Jardins Mangueiral
156,31.00,23.00,2023/09/18,23:22:27,Jardins Mangueiral
155,31.00,23.00,2023/09/18,23:52:27,Jardins Mangueiral
152,31.00,23.00,2023/09/19,00:22:27,Jardins Mangueiral
149,30.00,23.00,2023/09/19,00:52:27,Jardins Mangueiral
150,30.00,24.00,2023/09/19,01:22:27,Jardins Mangueiral
150,30.00,24.00,2023/09/19,01:52:27,Jardins Mangueiral
150,30.00,25.00,2023/09/19,02:22:27,Jardins Mangueiral
147,30.00,25.00,2023/09/19,02:52:27,Jardins Mangueiral
148,30.00,24.00,2023/09/19,03:22:27,Jardins Mangueiral
147,29.00,25.00,2023/09/19,03:52:27,Jardins Mangueiral
148,29.00,25.00,2023/09/19,04:22:27,Jardins Mangueiral
147,29.00,24.00,2023/09/19,04:52:27,Jardins Mangueiral
145,29.00,23.00,2023/09/19,05:22:27,Jardins Mangueiral
145,28.00,25.00,2023/09/19,05:52:27,Jardins Mangueiral
145,28.00,26.00,2023/09/19,06:22:27,Jardins Mangueiral
94,27.00,20.00,2023/09/19,09:01:32,Asa Sul
91,27.00,20.00,2023/09/19,09:06:32,Asa Sul
91,27.00,20.00,2023/09/19,09:11:32,Asa Sul
92,27.00,20.00,2023/09/19,09:16:32,Asa Sul
91,27.00,20.00,2023/09/19,09:21:32,Asa Sul
93,27.00,20.00,2023/09/19,09:26:32,Asa Sul
94,27.00,20.00,2023/09/19,09:31:32,Asa Sul
94,27.00,20.00,2023/09/19,09:36:32,Asa Sul
93,27.00,20.00,2023/09/19,09:41:32,Asa Sul
93,27.00,20.00,2023/09/19,09:46:32,Asa Sul
93,27.00,20.00,2023/09/19,09:51:32,Asa Sul
92,27.00,20.00,2023/09/19,09:56:32,Asa Sul
93,28.00,20.00,2023/09/19,10:01:32,Asa Sul
95,27.00,20.00,2023/09/19,10:06:32,Asa Sul
97,28.00,20.00,2023/09/19,10:11:32,Asa Sul
97,27.00,20.00,2023/09/19,10:16:32,Asa Sul
95,28.00,20.00,2023/09/19,10:21:32,Asa Sul
96,28.00,20.00,2023/09/19,10:26:32,Asa Sul
96,28.00,20.00,2023/09/19,10:31:32,Asa Sul
122,33.00,20.00,2023/09/19,14:11:18,Jardins Mangueiral
124,34.00,20.00,2023/09/19,14:41:18,Jardins Mangueiral
122,34.00,20.00,2023/09/19,15:11:18,Jardins Mangueiral
124,34.00,20.00,2023/09/19,15:41:18,Jardins Mangueiral
121,34.00,20.00,2023/09/19,16:11:18,Jardins Mangueiral
126,34.00,20.00,2023/09/19,16:41:18,Jardins Mangueiral
123,34.00,20.00,2023/09/19,17:11:18,Jardins Mangueiral
123,34.00,20.00,2023/09/19,17:41:18,Jardins Mangueiral
117,34.00,20.00,2023/09/19,18:11:18,Jardins Mangueiral
119,34.00,20.00,2023/09/19,18:41:19,Jardins Mangueiral
116,33.00,20.00,2023/09/19,19:11:18,Jardins Mangueiral
118,33.00,20.00,2023/09/19,19:41:19,Jardins Mangueiral
120,33.00,20.00,2023/09/19,20:11:19,Jardins Mangueiral
118,33.00,20.00,2023/09/19,20:41:19,Jardins Mangueiral
117,33.00,20.00,2023/09/19,21:11:19,Jardins Mangueiral
117,32.00,20.00,2023/09/19,21:41:19,Jardins Mangueiral
118,32.00,20.00,2023/09/19,22:11:19,Jardins Mangueiral
119,33.00,20.00,2023/09/19,22:41:19,Jardins Mangueiral
119,33.00,20.00,2023/09/19,23:11:19,Jardins Mangueiral
118,33.00,20.00,2023/09/19,23:41:19,Jardins Mangueiral
118,32.00,20.00,2023/09/20,00:11:19,Jardins Mangueiral
117,32.00,20.00,2023/09/20,00:41:19,Jardins Mangueiral
117,32.00,20.00,2023/09/20,01:11:19,Jardins Mangueiral
117,32.00,20.00,2023/09/20,01:41:19,Jardins Mangueiral
118,32.00,20.00,2023/09/20,02:11:19,Jardins Mangueiral
116,31.00,20.00,2023/09/20,02:41:19,Jardins Mangueiral
116,31.00,20.00,2023/09/20,03:11:19,Jardins Mangueiral
115,31.00,20.00,2023/09/20,03:41:19,Jardins Mangueiral
115,31.00,20.00,2023/09/20,04:11:19,Jardins Mangueiral
115,31.00,20.00,2023/09/20,04:41:19,Jardins Mangueiral
115,31.00,20.00,2023/09/20,05:11:19,Jardins Mangueiral
115,30.00,20.00,2023/09/20,05:41:19,Jardins Mangueiral
117,30.00,21.00,2023/09/20,06:11:19,Jardins Mangueiral
139,26.00,33.00,2023/09/20,08:31:52,Asa Sul
132,26.00,33.00,2023/09/20,08:36:52,Asa Sul
129,26.00,34.00,2023/09/20,08:41:52,Asa Sul
130,26.00,33.00,2023/09/20,08:46:52,Asa Sul
120,26.00,33.00,2023/09/20,08:51:52,Asa Sul
129,26.00,33.00,2023/09/20,08:56:52,Asa Sul
129,26.00,33.00,2023/09/20,09:01:52,Asa Sul
126,26.00,33.00,2023/09/20,09:06:52,Asa Sul
125,26.00,33.00,2023/09/20,09:11:52,Asa Sul
137,26.00,33.00,2023/09/20,09:16:52,Asa Sul
135,26.00,33.00,2023/09/20,09:21:52,Asa Sul
130,26.00,32.00,2023/09/20,09:26:52,Asa Sul
128,26.00,32.00,2023/09/20,09:31:52,Asa Sul
127,26.00,32.00,2023/09/20,09:36:52,Asa Sul
127,26.00,32.00,2023/09/20,09:41:52,Asa Sul
129,26.00,32.00,2023/09/20,09:46:52,Asa Sul
123,26.00,31.00,2023/09/20,09:51:52,Asa Sul
118,26.00,31.00,2023/09/20,09:56:52,Asa Sul
115,26.00,31.00,2023/09/20,10:01:52,Asa Sul
116,26.00,32.00,2023/09/20,10:06:52,Asa Sul
109,26.00,32.00,2023/09/20,10:11:52,Asa Sul
108,26.00,32.00,2023/09/20,10:16:52,Asa Sul
135,26.00,32.00,2023/09/20,10:21:52,Asa Sul
130,26.00,32.00,2023/09/20,10:26:52,Asa Sul
127,26.00,32.00,2023/09/20,10:31:52,Asa Sul
127,27.00,32.00,2023/09/20,10:36:52,Asa Sul
125,26.00,32.00,2023/09/20,10:41:52,Asa Sul
100,32.00,20.00,2023/09/20,13:08:04,Jardins Mangueiral
99,33.00,20.00,2023/09/20,13:38:04,Jardins Mangueiral
100,33.00,20.00,2023/09/20,14:08:04,Jardins Mangueiral
98,33.00,20.00,2023/09/20,14:38:04,Jardins Mangueiral
106,33.00,20.00,2023/09/20,15:08:04,Jardins Mangueiral
102,34.00,20.00,2023/09/20,15:38:04,Jardins Mangueiral
101,34.00,20.00,2023/09/20,16:08:04,Jardins Mangueiral
97,34.00,20.00,2023/09/20,16:38:04,Jardins Mangueiral
98,34.00,20.00,2023/09/20,17:08:04,Jardins Mangueiral
98,34.00,20.00,2023/09/20,17:38:04,Jardins Mangueiral
106,34.00,20.00,2023/09/20,18:08:04,Jardins Mangueiral
78,34.00,20.00,2023/09/20,18:38:04,Jardins Mangueiral
77,34.00,20.00,2023/09/20,19:08:04,Jardins Mangueiral
75,33.00,20.00,2023/09/20,19:38:04,Jardins Mangueiral
75,34.00,20.00,2023/09/20,20:08:04,Jardins Mangueiral
79,33.00,20.00,2023/09/20,20:38:04,Jardins Mangueiral
74,33.00,20.00,2023/09/20,21:08:04,Jardins Mangueiral
74,32.00,20.00,2023/09/20,21:38:04,Jardins Mangueiral
73,32.00,20.00,2023/09/20,22:08:04,Jardins Mangueiral
78,32.00,20.00,2023/09/20,22:38:04,Jardins Mangueiral
76,32.00,20.00,2023/09/20,23:08:04,Jardins Mangueiral
76,32.00,20.00,2023/09/20,23:38:04,Jardins Mangueiral
75,32.00,21.00,2023/09/21,00:08:04,Jardins Mangueiral
74,32.00,21.00,2023/09/21,00:38:04,Jardins Mangueiral
74,32.00,21.00,2023/09/21,01:08:04,Jardins Mangueiral
74,31.00,21.00,2023/09/21,01:38:04,Jardins Mangueiral
74,31.00,21.00,2023/09/21,02:08:04,Jardins Mangueiral
75,31.00,21.00,2023/09/21,02:38:05,Jardins Mangueiral
78,31.00,21.00,2023/09/21,03:08:05,Jardins Mangueiral
85,31.00,21.00,2023/09/21,03:38:05,Jardins Mangueiral
78,30.00,21.00,2023/09/21,04:08:05,Jardins Mangueiral
86,30.00,21.00,2023/09/21,04:38:05,Jardins Mangueiral
79,30.00,21.00,2023/09/21,05:08:05,Jardins Mangueiral
79,30.00,21.00,2023/09/21,05:38:05,Jardins Mangueiral
66,29.00,22.00,2023/09/21,06:08:05,Jardins Mangueiral
152,25.00,35.00,2023/09/21,08:52:37,Asa Sul
145,26.00,35.00,2023/09/21,08:57:37,Asa Sul
144,25.00,35.00,2023/09/21,09:02:37,Asa Sul
151,26.00,35.00,2023/09/21,09:07:37,Asa Sul
152,26.00,35.00,2023/09/21,09:12:37,Asa Sul
158,26.00,35.00,2023/09/21,09:17:37,Asa Sul
130,33.00,20.00,2023/09/21,17:36:39,Jardins Mangueiral
129,33.00,20.00,2023/09/21,18:06:39,Jardins Mangueiral
129,34.00,20.00,2023/09/21,18:36:39,Jardins Mangueiral
128,33.00,20.00,2023/09/21,19:06:39,Jardins Mangueiral
126,32.00,20.00,2023/09/21,19:36:39,Jardins Mangueiral
126,32.00,20.00,2023/09/21,20:06:39,Jardins Mangueiral
125,31.00,21.00,2023/09/21,20:36:39,Jardins Mangueiral
127,31.00,21.00,2023/09/21,21:06:39,Jardins Mangueiral
128,31.00,21.00,2023/09/21,21:36:39,Jardins Mangueiral
125,30.00,22.00,2023/09/21,22:06:39,Jardins Mangueiral
125,30.00,22.00,2023/09/21,22:36:39,Jardins Mangueiral
126,30.00,22.00,2023/09/21,23:06:39,Jardins Mangueiral
125,30.00,22.00,2023/09/21,23:36:39,Jardins Mangueiral
126,31.00,22.00,2023/09/22,00:06:39,Jardins Mangueiral
126,31.00,21.00,2023/09/22,00:36:39,Jardins Mangueiral
126,31.00,21.00,2023/09/22,01:06:39,Jardins Mangueiral
126,31.00,21.00,2023/09/22,01:36:39,Jardins Mangueiral
125,31.00,21.00,2023/09/22,02:06:39,Jardins Mangueiral
126,31.00,21.00,2023/09/22,02:36:40,Jardins Mangueiral
125,31.00,21.00,2023/09/22,03:06:40,Jardins Mangueiral
134,30.00,21.00,2023/09/22,03:36:39,Jardins Mangueiral
134,30.00,21.00,2023/09/22,04:06:40,Jardins Mangueiral
131,30.00,21.00,2023/09/22,04:36:40,Jardins Mangueiral
125,30.00,20.00,2023/09/22,05:06:40,Jardins Mangueiral
129,29.00,20.00,2023/09/22,05:36:40,Jardins Mangueiral
123,29.00,20.00,2023/09/22,06:06:40,Jardins Mangueiral
135,26.00,33.00,2023/09/22,08:55:16,Asa Sul
135,26.00,33.00,2023/09/22,09:00:16,Asa Sul
156,26.00,33.00,2023/09/22,09:05:16,Asa Sul
154,26.00,33.00,2023/09/22,09:10:16,Asa Sul
159,26.00,33.00,2023/09/22,09:15:16,Asa Sul
140,26.00,33.00,2023/09/22,09:20:16,Asa Sul
129,26.00,32.00,2023/09/22,09:25:16,Asa Sul
112,26.00,32.00,2023/09/22,09:30:16,Asa Sul
145,26.00,32.00,2023/09/22,09:35:16,Asa Sul
145,26.00,32.00,2023/09/22,09:40:17,Asa Sul
146,26.00,32.00,2023/09/22,09:45:16,Asa Sul
146,26.00,31.00,2023/09/22,09:50:16,Asa Sul
176,26.00,32.00,2023/09/22,09:55:16,Asa Sul
174,26.00,32.00,2023/09/22,10:00:16,Asa Sul
182,27.00,31.00,2023/09/22,10:05:17,Asa Sul
182,27.00,31.00,2023/09/22,10:10:16,Asa Sul
126,32.00,20.00,2023/09/22,21:14:20,Jardins Mangueiral
121,31.00,21.00,2023/09/22,21:44:20,Jardins Mangueiral
123,32.00,20.00,2023/09/22,22:14:20,Jardins Mangueiral
124,32.00,20.00,2023/09/22,22:44:20,Jardins Mangueiral
123,32.00,21.00,2023/09/22,23:14:20,Jardins Mangueiral
122,32.00,20.00,2023/09/22,23:44:20,Jardins Mangueiral
122,32.00,21.00,2023/09/23,00:14:20,Jardins Mangueiral
122,32.00,21.00,2023/09/23,00:44:20,Jardins Mangueiral
122,32.00,21.00,2023/09/23,01:14:20,Jardins Mangueiral
121,32.00,20.00,2023/09/23,01:44:21,Jardins Mangueiral
121,32.00,20.00,2023/09/23,02:14:20,Jardins Mangueiral
120,31.00,20.00,2023/09/23,02:44:20,Jardins Mangueiral
120,31.00,21.00,2023/09/23,03:14:21,Jardins Mangueiral
119,31.00,21.00,2023/09/23,03:44:21,Jardins Mangueiral
121,31.00,21.00,2023/09/23,04:14:21,Jardins Mangueiral
122,31.00,21.00,2023/09/23,04:44:21,Jardins Mangueiral
120,31.00,21.00,2023/09/23,05:14:21,Jardins Mangueiral
120,30.00,21.00,2023/09/23,05:44:21,Jardins Mangueiral
121,30.00,21.00,2023/09/23,06:14:21,Jardins Mangueiral
119,30.00,21.00,2023/09/23,06:44:21,Jardins Mangueiral
118,29.00,20.00,2023/09/23,07:14:21,Jardins Mangueiral
118,30.00,21.00,2023/09/23,07:44:21,Jardins Mangueiral
118,30.00,21.00,2023/09/23,08:14:21,Jardins Mangueiral
117,30.00,23.00,2023/09/23,08:44:21,Jardins Mangueiral
119,30.00,22.00,2023/09/23,09:14:21,Jardins Mangueiral
117,31.00,21.00,2023/09/23,09:44:21,Jardins Mangueiral
116,31.00,20.00,2023/09/23,10:14:21,Jardins Mangueiral
117,32.00,20.00,2023/09/23,10:44:21,Jardins Mangueiral
121,32.00,20.00,2023/09/23,11:14:21,Jardins Mangueiral
132,33.00,20.00,2023/09/23,11:44:21,Jardins Mangueiral
130,34.00,20.00,2023/09/23,12:14:21,Jardins Mangueiral
128,34.00,20.00,2023/09/23,12:44:21,Jardins Mangueiral
129,34.00,20.00,2023/09/23,13:14:21,Jardins Mangueiral
128,34.00,20.00,2023/09/23,13:44:21,Jardins Mangueiral
128,35.00,20.00,2023/09/23,14:14:21,Jardins Mangueiral
129,35.00,20.00,2023/09/23,14:44:21,Jardins Mangueiral
128,35.00,20.00,2023/09/23,15:14:21,Jardins Mangueiral
128,36.00,20.00,2023/09/23,15:44:21,Jardins Mangueiral
128,35.00,20.00,2023/09/23,16:14:21,Jardins Mangueiral
128,36.00,20.00,2023/09/23,16:44:21,Jardins Mangueiral
139,35.00,20.00,2023/09/23,17:14:21,Jardins Mangueiral
139,35.00,20.00,2023/09/23,17:44:21,Jardins Mangueiral
139,35.00,20.00,2023/09/23,18:14:21,Jardins Mangueiral
142,35.00,20.00,2023/09/23,18:44:21,Jardins Mangueiral
141,35.00,20.00,2023/09/23,19:14:21,Jardins Mangueiral
143,35.00,20.00,2023/09/23,19:44:21,Jardins Mangueiral
142,34.00,20.00,2023/09/23,20:14:21,Jardins Mangueiral
144,34.00,20.00,2023/09/23,20:44:21,Jardins Mangueiral
146,34.00,20.00,2023/09/23,21:14:22,Jardins Mangueiral
145,34.00,20.00,2023/09/23,21:44:22,Jardins Mangueiral
151,34.00,20.00,2023/09/23,22:14:21,Jardins Mangueiral
146,34.00,20.00,2023/09/23,22:44:22,Jardins Mangueiral
145,34.00,20.00,2023/09/23,23:14:22,Jardins Mangueiral
143,34.00,20.00,2023/09/23,23:44:22,Jardins Mangueiral
142,34.00,20.00,2023/09/24,00:14:22,Jardins Mangueiral
142,33.00,20.00,2023/09/24,00:44:22,Jardins Mangueiral
141,33.00,20.00,2023/09/24,01:14:22,Jardins Mangueiral
141,33.00,20.00,2023/09/24,01:44:22,Jardins Mangueiral
146,33.00,20.00,2023/09/24,02:14:22,Jardins Mangueiral
141,33.00,20.00,2023/09/24,02:44:22,Jardins Mangueiral
142,33.00,20.00,2023/09/24,03:14:22,Jardins Mangueiral
140,33.00,20.00,2023/09/24,03:44:22,Jardins Mangueiral
140,32.00,20.00,2023/09/24,04:14:22,Jardins Mangueiral
139,32.00,20.00,2023/09/24,04:44:22,Jardins Mangueiral
137,32.00,20.00,2023/09/24,05:14:22,Jardins Mangueiral
139,32.00,20.00,2023/09/24,05:44:22,Jardins Mangueiral
139,32.00,20.00,2023/09/24,06:14:22,Jardins Mangueiral
139,32.00,20.00,2023/09/24,06:44:22,Jardins Mangueiral
139,32.00,20.00,2023/09/24,07:14:22,Jardins Mangueiral
139,32.00,20.00,2023/09/24,07:44:22,Jardins Mangueiral
138,32.00,20.00,2023/09/24,08:14:22,Jardins Mangueiral
138,32.00,20.00,2023/09/24,08:44:22,Jardins Mangueiral
138,32.00,20.00,2023/09/24,09:14:22,Jardins Mangueiral
137,32.00,20.00,2023/09/24,09:44:22,Jardins Mangueiral
137,33.00,20.00,2023/09/24,10:14:22,Jardins Mangueiral
137,33.00,20.00,2023/09/24,10:44:22,Jardins Mangueiral
136,34.00,20.00,2023/09/24,11:14:22,Jardins Mangueiral
138,34.00,20.00,2023/09/24,11:44:22,Jardins Mangueiral
153,35.00,20.00,2023/09/24,12:14:22,Jardins Mangueiral
157,35.00,20.00,2023/09/24,12:44:22,Jardins Mangueiral
155,35.00,20.00,2023/09/24,13:14:22,Jardins Mangueiral
160,36.00,20.00,2023/09/24,13:44:22,Jardins Mangueiral
158,36.00,20.00,2023/09/24,14:14:22,Jardins Mangueiral
159,36.00,20.00,2023/09/24,14:44:22,Jardins Mangueiral
162,36.00,20.00,2023/09/24,15:14:23,Jardins Mangueiral
163,37.00,20.00,2023/09/24,15:44:22,Jardins Mangueiral
159,36.00,20.00,2023/09/24,16:14:22,Jardins Mangueiral
162,37.00,20.00,2023/09/24,16:44:23,Jardins Mangueiral
164,36.00,20.00,2023/09/24,17:14:23,Jardins Mangueiral
